Product Name*,Categories*,Product Description,Price*,Discounted Price,Variant SKU Code,Variant Label 1,Variant Value 1,Variant Label 2,Variant Value 2,Tax Value (%),HSN,Product Weight (kg),Image links (up to 24 for each product group),GTIN,Google product category
Compatible - Mario Kart Luigi & Mach (72050),Super Mario,"<p>Race into action with the Mario Kart Luigi &amp; Mach 8 building block set (72050). This high-quality compatible building block set delivers a fun and engaging build experience, making it a perfect display piece for Mario Kart fans, gamers, and collectors alike.</p>",6999.0,,72050,,,,,18,95030030,0.5,https://cdn.shopify.com/s/files/1/0770/2904/8469/files/72050.jpg?v=1779200537,,
Compatible - Ford Model T (11376),Icons,<p>Build your own Ford Model T. This high-quality compatible building block set offers an engaging building experience and makes a perfect display piece for vintage car enthusiasts and collectors.</p>,3999.0,,11376,,,,,18,95030030,0.5,https://cdn.shopify.com/s/files/1/0770/2904/8469/files/11376.jpg?v=1778587453,,
Compatible - K-2SO Security Droid (75434),Star Wars,<p>Build your own K-2SO Security Droid. This high-quality compatible building block set offers an engaging building experience and makes a perfect display piece for sci-fi fans and collectors.</p>,3999.0,,75434,,,,,18,95030030,0.5,https://cdn.shopify.com/s/files/1/0770/2904/8469/files/75434.jpg?v=1778587474,,
Compatible - Love Birds (21365),Ideas,"<p>Create a charming Love Birds display with this elegant building set, perfect for adding a soft and aesthetic touch to your collection.</p>",2999.0,,21365,,,,,18,95030030,0.5,https://cdn.shopify.com/s/files/1/0770/2904/8469/files/21365.jpg?v=1775889536,,
Compatible - ARC-170 Starfighter (75402),Star Wars,"<p>Build the ARC-170 Starfighter with this detailed model set, designed for fans who enjoy iconic space builds and display pieces.</p>",2999.0,,75402,,,,,18,95030030,0.5,https://cdn.shopify.com/s/files/1/0770/2904/8469/files/75402.jpg?v=1775889536,,
Compatible - Balrog Book Nook (10367),The Lord of the Rings,"<p>Build the Balrog Book Nook with this detailed and collectible building set, perfect for adding to your display shelf.</p>",4999.0,,10367,,,,,18,95030030,0.5,https://cdn.shopify.com/s/files/1/0770/2904/8469/files/10367.jpg?v=1775888766,,
Compatible - 2022 Ford GT (42154),Technic,"<p>Build the 2022 Ford GT with this detailed and collectible building set, perfect for adding to your display shelf.</p>",4399.0,,42154,,,,,18,95030030,0.5,https://cdn.shopify.com/s/files/1/0770/2904/8469/files/42154.jpg?v=1775888767,,
Compatible - NASA Artemis Space Launch System (42221),Technic,"<p>Build the NASA Artemis Space Launch System with this detailed and collectible building set, ideal for collectors looking for a unique piece.</p>",3499.0,,42221,,,,,18,95030030,0.5,https://cdn.shopify.com/s/files/1/0770/2904/8469/files/42221.jpg?v=1775888766,,
Compatible - Ford Bronco SUV (42213),Technic,"<p>Build the Ford Bronco SUV with this detailed and collectible building set, crafted for display and collection.</p>",4999.0,,42213,,,,,18,95030030,0.5,https://cdn.shopify.com/s/files/1/0770/2904/8469/files/42213.jpg?v=1775888767,,
Compatible - Question Mark Block (71395),Super Mario,"<p>Build the Question Mark Block with this detailed and collectible building set, great for both building and showcasing.</p>",5199.0,,71395,,,,,18,95030030,0.5,https://cdn.shopify.com/s/files/1/0770/2904/8469/files/71395.jpg?v=1775888767,,
Compatible - Spiny Shell (40787),Super Mario,"<p>Build the Spiny Shell with this detailed and collectible building set, crafted for display and collection.</p>",1999.0,,40787,,,,,18,95030030,0.5,https://cdn.shopify.com/s/files/1/0770/2904/8469/files/40787.jpg?v=1775888766,,
Compatible - Battle at Arlong Park (75638),One Piece,"<p>Build the Battle at Arlong Park with this detailed and collectible building set, perfect for creative building sessions.</p>",4799.0,,75638,,,,,18,95030030,0.5,https://cdn.shopify.com/s/files/1/0770/2904/8469/files/75638.jpg?v=1775888767,,
Compatible - Home Alone (21330),Ideas,"<p>Build the Home Alone with this detailed and collectible building set, great for both building and showcasing.</p>",10999.0,,21330,,,,,18,95030030,0.5,https://cdn.shopify.com/s/files/1/0770/2904/8469/files/21330.jpg?v=1775888767,,
Compatible - Retro Record Player (40699),Others,"<p>Build the Retro Record Player with this detailed and collectible building set, perfect for creative building sessions.</p>",1499.0,,40699,,,,,18,95030030,0.5,https://cdn.shopify.com/s/files/1/0770/2904/8469/files/40699.jpg?v=1775888767,,
Compatible - Mini Cooper (10242),Creator Expert,"<p>Build the Mini Cooper with this detailed and collectible building set, designed to stand out in any collection.</p>",4299.0,,10242,,,,,18,95030030,0.5,https://cdn.shopify.com/s/files/1/0770/2904/8469/files/10242.jpg?v=1775888767,,
Compatible - Lamborghini Countach (10337),Icons,"<p>Build the Lamborghini Countach with this detailed and collectible building set, great for both building and showcasing.</p>",5499.0,,10337,,,,,18,95030030,0.5,https://cdn.shopify.com/s/files/1/0770/2904/8469/files/10337.jpg?v=1775888766,,
Compatible - London Bus (10258),Creator Expert,"<p>Build the London Bus with this detailed and collectible building set, crafted for display and collection.</p>",6499.0,,10258,,,,,18,95030030,0.5,https://cdn.shopify.com/s/files/1/0770/2904/8469/files/10258.jpg?v=1775888767,,
Compatible - Chevrolet Corvette (10321),Icons,"<p>Build the Chevrolet Corvette with this detailed and collectible building set, ideal for collectors looking for a unique piece.</p>",5699.0,,10321,,,,,18,95030030,0.5,https://cdn.shopify.com/s/files/1/0770/2904/8469/files/10321.jpg?v=1775888767,,
Compatible - Newbury Haunted High School (70425),Others,"<p>Build the Newbury Haunted High School with this detailed and collectible building set, perfect for creative building sessions.</p>",5999.0,,70425,,,,,18,95030030,0.5,https://cdn.shopify.com/s/files/1/0770/2904/8469/files/70425.jpg?v=1775888766,,
Compatible - Manchester United Old Trafford (10272),Icons,"<p>Build the Manchester United Old Trafford with this detailed and collectible building set, crafted for display and collection.</p>",10499.0,,10272,,,,,18,95030030,0.5,https://cdn.shopify.com/s/files/1/0770/2904/8469/files/10272.jpg?v=1775888767,,
Compatible - Ferris Wheel (10247),Creator Expert,"<p>Build the Ferris Wheel with this detailed and collectible building set, designed for fans who enjoy detailed builds.</p>",8999.0,,10247,,,,,18,95030030,0.5,https://cdn.shopify.com/s/files/1/0770/2904/8469/files/10247.jpg?v=1775888767,,
Compatible - Barcelona Camp Nou (10284),Icons,"<p>Build the Barcelona Camp Nou with this detailed and collectible building set, perfect for adding to your display shelf.</p>",15999.0,,10284,,,,,18,95030030,0.5,https://cdn.shopify.com/s/files/1/0770/2904/8469/files/10284.jpg?v=1775888767,,
Compatible - Klombo (77077),Fortnite,"<p>Build the Klombo with this detailed and collectible building set, perfect for creative building sessions.</p>",5499.0,,77077,,,,,18,95030030,0.5,https://cdn.shopify.com/s/files/1/0770/2904/8469/files/77077.jpg?v=1775888766,,
Compatible - Football (43019),Others,"<p>Build the Football with this detailed and collectible building set, designed to stand out in any collection.</p>",5499.0,,43019,,,,,18,95030030,0.5,https://cdn.shopify.com/s/files/1/0770/2904/8469/files/43019.jpg?v=1775888767,,
Compatible - World Cup Trophy (43020),Others,"<p>Build the World Cup Trophy with this detailed and collectible building set, designed to stand out in any collection.</p>",7999.0,,43020,,,,,18,95030030,0.5,https://cdn.shopify.com/s/files/1/0770/2904/8469/files/43020.jpg?v=1775888767,,
Compatible - Dalmations Puppy (43269),Disney,"<p>Build the Dalmations Puppy with this detailed and collectible building set, perfect for adding to your display shelf.</p>",4599.0,,43269,,,,,18,95030030,0.5,https://cdn.shopify.com/s/files/1/0770/2904/8469/files/43269.jpg?v=1775888766,,
Compatible - Batman Forever Batmobile (76304),DC,"<p>Build the Batman Forever Batmobile with this detailed and collectible building set, designed for fans who enjoy detailed builds.</p>",4499.0,,76304,,,,,18,95030030,0.5,https://cdn.shopify.com/s/files/1/0770/2904/8469/files/76304.jpg?v=1775888766,,
Compatible - Arkham Asylum (76300),DC,"<p>Build the Arkham Asylum with this detailed and collectible building set, perfect for adding to your display shelf.</p>",8999.0,,76300,,,,,18,95030030,0.5,https://cdn.shopify.com/s/files/1/0770/2904/8469/files/76300.jpg?v=1775888767,,
Compatible - The City of Lanterns (80036),Others,"<p>Build the The City of Lanterns with this detailed and collectible building set, perfect for adding to your display shelf.</p>",8499.0,,80036,,,,,18,95030030,0.5,https://cdn.shopify.com/s/files/1/0770/2904/8469/files/80036.jpg?v=1775888767,,
Compatible - Flower Pot (40588),Others,"<p>Build the Flower Pot with this detailed and collectible building set, designed to stand out in any collection.</p>",1499.0,,40588,,,,,18,95030030,0.5,https://cdn.shopify.com/s/files/1/0770/2904/8469/files/40588.jpg?v=1775888766,,
Compatible - Plum Blossom (10369),Botanicals,"<p>Build the Plum Blossom with this detailed and collectible building set, perfect for adding to your display shelf.</p>",1499.0,,10369,,,,,18,95030030,0.5,https://cdn.shopify.com/s/files/1/0770/2904/8469/files/10369.jpg?v=1775888766,,
Compatible - Chrysanthemum (10368),Botanicals,"<p>Build the Chrysanthemum with this detailed and collectible building set, perfect for adding to your display shelf.</p>",1499.0,,10368,,,,,18,95030030,0.5,https://cdn.shopify.com/s/files/1/0770/2904/8469/files/10368.jpg?v=1775888766,,
Compatible - Bird of Paradise (10289),Creator Expert,"<p>Build the Bird of Paradise with this detailed and collectible building set, perfect for creative building sessions.</p>",3499.0,,10289,,,,,18,95030030,0.5,https://cdn.shopify.com/s/files/1/0770/2904/8469/files/10289.jpg?v=1775888766,,
Compatible - Flower Arrangement (10345),Botanicals,"<p>Build the Flower Arrangement with this detailed and collectible building set, designed for fans who enjoy detailed builds.</p>",3499.0,,10345,,,,,18,95030030,0.5,https://cdn.shopify.com/s/files/1/0770/2904/8469/files/10345.jpg?v=1775888767,,
Compatible - Orchid (10343),Botanicals,"<p>Build the Orchid with this detailed and collectible building set, perfect for adding to your display shelf.</p>",1499.0,,10343,,,,,18,95030030,0.5,https://cdn.shopify.com/s/files/1/0770/2904/8469/files/10343.jpg?v=1775888766,,
Compatible - Singapore City Skyline (21057),Architecture,"<p>Build the Singapore City Skyline with this detailed and collectible building set, perfect for adding to your display shelf.</p>",3199.0,,21057,,,,,18,95030030,0.5,https://cdn.shopify.com/s/files/1/0770/2904/8469/files/21057.jpg?v=1775888767,,
Compatible - Dubai Skyline (21052),Architecture,"<p>Build the Dubai Skyline with this detailed and collectible building set, perfect for creative building sessions.</p>",2999.0,,21052,,,,,18,95030030,0.5,https://cdn.shopify.com/s/files/1/0770/2904/8469/files/21052.jpg?v=1775888767,,
Compatible - The Empire State Building (21046),Architecture,"<p>Build the The Empire State Building with this detailed and collectible building set, ideal for collectors looking for a unique piece.</p>",4999.0,,21046,,,,,18,95030030,0.5,https://cdn.shopify.com/s/files/1/0770/2904/8469/files/21046.jpg?v=1775888766,,
Compatible - Paris - City of Love (21064),Architecture,"<p>Build the Paris City of Love with this detailed and collectible building set, designed for fans who enjoy detailed builds.</p>",4499.0,,21064,,,,,18,95030030,0.5,https://cdn.shopify.com/s/files/1/0770/2904/8469/files/21064.jpg?v=1775888766,,
Compatible - Notre Dame de Paris (21061),Architecture,"<p>Build the Notre Dame de Paris with this detailed and collectible building set, ideal for collectors looking for a unique piece.</p>",9999.0,,21061,,,,,18,95030030,0.5,https://cdn.shopify.com/s/files/1/0770/2904/8469/files/21061.jpg?v=1775888767,,
Compatible - Trevi Fountain (21062),Architecture,"<p>Build the Trevi Fountain with this detailed and collectible building set, great for both building and showcasing.</p>",4799.0,,21062,,,,,18,95030030,0.5,https://cdn.shopify.com/s/files/1/0770/2904/8469/files/21062.jpg?v=1775888767,,
Compatible - Tokyo Skyline (21051),Architecture,"<p>Build the Tokyo Skyline with this detailed and collectible building set, crafted for display and collection.</p>",2499.0,,21051,,,,,18,95030030,0.5,https://cdn.shopify.com/s/files/1/0770/2904/8469/files/21051.jpg?v=1775888766,,
Compatible - Paris (21044),Architecture,"<p>Build the Paris with this detailed and collectible building set, perfect for adding to your display shelf.</p>",2499.0,,21044,,,,,18,95030030,0.5,https://cdn.shopify.com/s/files/1/0770/2904/8469/files/21044.jpg?v=1775888767,,
Compatible - Hogwarts Great Hall - Small (75954),Harry Potter,"<p>Build the iconic Hogwarts Great Hall in a compact format, perfect for magical displays and collectors.</p>",4999.0,,75954,,,,,18,95030030,0.5,https://cdn.shopify.com/s/files/1/0770/2904/8469/files/75954.jpg?v=1775469002,,
Compatible - Hogwarts Express Train Set with Hogsmeade Station (76423),Harry Potter,<p>Recreate the magical Hogwarts Express with Hogsmeade Station in this detailed building set for fans and collectors.</p>,5499.0,,76423,,,,,18,95030030,0.5,https://cdn.shopify.com/s/files/1/0770/2904/8469/files/76423.jpg?v=1775469001,,
Compatible - Eevee (72151),Pokemon,"<p>Bring the charm of Eevee to life with this beautifully detailed building set. Perfect for Pokémon fans and collectors, this set captures Eevee’s iconic look with high-quality pieces and a fun, engaging build experience.</p>",2999.0,,72151,,,,,18,95030030,0.5,https://cdn.shopify.com/s/files/1/0770/2904/8469/files/72151.jpg?v=1774682431,,
Compatible - The Old Town 15th Anniversary (71861),Ninjago,"<p>Bring home the The Old Town 15th Anniversary building set, designed for creativity, display, and an engaging build experience for fans and collectors.</p>",11499.0,,71861,,,,,18,95030030,0.5,https://cdn.shopify.com/s/files/1/0770/2904/8469/files/71861.jpg?v=1774534357,,
Compatible - Ninjago City (70620),Ninjago,"<p>Bring home the Ninjago City building set, designed for creativity, display, and an engaging build experience for fans and collectors.</p>",10999.0,,70620,,,,,18,95030030,0.5,https://cdn.shopify.com/s/files/1/0770/2904/8469/files/70620.jpg?v=1774534356,,
Compatible - Tropical Aquarium (10366),Icons,"<p>Bring home the Tropical Aquarium building set, designed for creativity, display, and an engaging build experience for fans and collectors.</p>",11499.0,,10366,,,,,18,95030030,0.5,https://cdn.shopify.com/s/files/1/0770/2904/8469/files/10366.jpg?v=1774534356,,
Compatible - City Gardens (71741),Ninjago,"<p>Bring home the City Gardens building set, designed for creativity, display, and an engaging build experience for fans and collectors.</p>",9999.0,,71741,,,,,18,95030030,0.5,https://cdn.shopify.com/s/files/1/0770/2904/8469/files/71741.jpg?v=1774534357,,
Compatible - City Docks (70657),Ninjago,"<p>Bring home the City Docks building set, designed for creativity, display, and an engaging build experience for fans and collectors.</p>",9499.0,,70657,,,,,18,95030030,0.5,https://cdn.shopify.com/s/files/1/0770/2904/8469/files/70657.jpg?v=1774534357,,
Compatible - City Workshops (71837),Ninjago,"<p>Bring home the City Workshops building set, designed for creativity, display, and an engaging build experience for fans and collectors.</p>",8499.0,,71837,,,,,18,95030030,0.5,https://cdn.shopify.com/s/files/1/0770/2904/8469/files/71837.jpg?v=1774534357,,
Compatible - The Botanical Garden (21353),Ideas,"<p>Bring home the The Botanical Garden building set, designed for creativity, display, and an engaging build experience for fans and collectors.</p>",7999.0,,21353,,,,,18,95030030,0.5,https://cdn.shopify.com/s/files/1/0770/2904/8469/files/21353.jpg?v=1774534357,,
Compatible - The Guardians Ship (76193),Marvel,"<p>Bring home the The Guardians Ship building set, designed for creativity, display, and an engaging build experience for fans and collectors.</p>",6899.0,,76193,,,,,18,95030030,0.5,https://cdn.shopify.com/s/files/1/0770/2904/8469/files/76193.jpg?v=1774534356,,
Compatible - Volkswagen T2 Camper Van (10279),Icons,"<p>Bring home the Volkswagen T2 Camper Van building set, designed for creativity, display, and an engaging build experience for fans and collectors.</p>",7199.0,,10279,,,,,18,95030030,0.5,https://cdn.shopify.com/s/files/1/0770/2904/8469/files/10279.jpg?v=1774534356,,
Compatible - Tudor Corner (10350),Icons,"<p>Bring home the Tudor Corner building set, designed for creativity, display, and an engaging build experience for fans and collectors.</p>",8399.0,,10350,,,,,18,95030030,0.5,https://cdn.shopify.com/s/files/1/0770/2904/8469/files/10350.jpg?v=1774534356,,
Compatible - Peely Bone (77072),Fortnite,"<p>Bring home the Peely Bone building set, designed for creativity, display, and an engaging build experience for fans and collectors.</p>",5799.0,,77072,,,,,18,95030030,0.5,https://cdn.shopify.com/s/files/1/0770/2904/8469/files/77072.jpg?v=1774534357,,
Compatible - The Insect Collection (21342),Ideas,"<p>Bring home the The Insect Collection building set, designed for creativity, display, and an engaging build experience for fans and collectors.</p>",6499.0,,21342,,,,,18,95030030,0.5,https://cdn.shopify.com/s/files/1/0770/2904/8469/files/21342.jpg?v=1774534357,,
Compatible - The Lord of the Rings The Shire (10354),The Lord of the Rings,"<p>Bring home the The Lord of the Rings The Shire building set, designed for creativity, display, and an engaging build experience for fans and collectors.</p>",6499.0,,10354,,,,,18,95030030,0.5,https://cdn.shopify.com/s/files/1/0770/2904/8469/files/10354.jpg?v=1774534356,,
Compatible - The Baratie Floating Restaurant (75640),Others,"<p>Bring home the The Baratie Floating Restaurant building set, designed for creativity, display, and an engaging build experience for fans and collectors.</p>",7499.0,,75640,,,,,18,95030030,0.5,https://cdn.shopify.com/s/files/1/0770/2904/8469/files/75640.jpg?v=1774534357,,
Compatible - Triwizard Tournament The Arrival (76440),Harry Potter,"<p>Bring home the Triwizard Tournament The Arrival building set, designed for creativity, display, and an engaging build experience for fans and collectors.</p>",5199.0,,76440,,,,,18,95030030,0.5,https://cdn.shopify.com/s/files/1/0770/2904/8469/files/76440.jpg?v=1774534357,,
Compatible - Tuxedo Cat (21349),Ideas,"<p>Bring home the Tuxedo Cat building set, designed for creativity, display, and an engaging build experience for fans and collectors.</p>",5999.0,,21349,,,,,18,95030030,0.5,https://cdn.shopify.com/s/files/1/0770/2904/8469/files/21349.jpg?v=1774534356,,
Compatible - Battle Bus (77073),Fortnite,"<p>Bring home the Battle Bus building set, designed for creativity, display, and an engaging build experience for fans and collectors.</p>",4999.0,,77073,,,,,18,95030030,0.5,https://cdn.shopify.com/s/files/1/0770/2904/8469/files/77073.jpg?v=1774534356,,
Compatible - Hogwarts Express (75955),Harry Potter,"<p>Bring home the Hogwarts Express building set, designed for creativity, display, and an engaging build experience for fans and collectors.</p>",4199.0,,75955,,,,,18,95030030,0.5,https://cdn.shopify.com/s/files/1/0770/2904/8469/files/75955.jpg?v=1774534357,,
Compatible - Carnage (76199),Marvel,"<p>Bring home the Carnage building set, designed for creativity, display, and an engaging build experience for fans and collectors.</p>",3199.0,,76199,,,,,18,95030030,0.5,https://cdn.shopify.com/s/files/1/0770/2904/8469/files/76199.jpg?v=1774534357,,
Compatible - LOVE (31214),Others,"<p>Bring home the LOVE building set, designed for creativity, display, and an engaging build experience for fans and collectors.</p>",2999.0,,31214,,,,,18,95030030,0.5,https://cdn.shopify.com/s/files/1/0770/2904/8469/files/31214.jpg?v=1774534357,,
Compatible - Chomping Monster Book of Monsters (76449),Harry Potter,"<p>Bring home the Chomping Monster Book of Monsters building set, designed for creativity, display, and an engaging build experience for fans and collectors.</p>",2999.0,,76449,,,,,18,95030030,0.5,https://cdn.shopify.com/s/files/1/0770/2904/8469/files/76449.jpg?v=1774534357,,
Compatible - Hibiscus (10372),Botanicals,"<p>Bring home the Hibiscus building set, designed for creativity, display, and an engaging build experience for fans and collectors.</p>",2999.0,,10372,,,,,18,95030030,0.5,https://cdn.shopify.com/s/files/1/0770/2904/8469/files/10372.jpg?v=1774534356,,
Compatible - Hedwig (75979),Harry Potter,"<p>Bring home the Hedwig building set, designed for creativity, display, and an engaging build experience for fans and collectors.</p>",2999.0,,75979,,,,,18,95030030,0.5,https://cdn.shopify.com/s/files/1/0770/2904/8469/files/75979.jpg?v=1774534357,,
Compatible - Bouquet of Pink Roses (10374),Botanicals,"<p>Bring home the Bouquet of Pink Roses building set, designed for creativity, display, and an engaging build experience for fans and collectors.</p>",2999.0,,10374,,,,,18,95030030,0.5,https://cdn.shopify.com/s/files/1/0770/2904/8469/files/10374.jpg?v=1774534357,,
Compatible - Pretty Pink Flower Bouquet (10342),Botanicals,"<p>Bring home the Pretty Pink Flower Bouquet building set, designed for creativity, display, and an engaging build experience for fans and collectors.</p>",2799.0,,10342,,,,,18,95030030,0.5,https://cdn.shopify.com/s/files/1/0770/2904/8469/files/10342.jpg?v=1774534357,,
Compatible - Kylo Rens Command Shuttle (75406),Star Wars,"<p>Bring home the Kylo Rens Command Shuttle building set, designed for creativity, display, and an engaging build experience for fans and collectors.</p>",2999.0,,75406,,,,,18,95030030,0.5,https://cdn.shopify.com/s/files/1/0770/2904/8469/files/75406.jpg?v=1774534356,,
Compatible - Leonardo da Vincis Flying Machine (10363),Icons,"<p>Bring home the Leonardo da Vincis Flying Machine building set, designed for creativity, display, and an engaging build experience for fans and collectors.</p>",2999.0,,10363,,,,,18,95030030,0.5,https://cdn.shopify.com/s/files/1/0770/2904/8469/files/10363.jpg?v=1774534356,,
"Compatible - Venusaur, Charizard and Blastoise (72153)",Pokemon,"<p>Bring home the Venusaur, Charizard and Blastoise building set, designed for creativity, display, and an engaging build experience for fans and collectors.</p>",14999.0,,72153,,,,,18,95030030,0.5,https://cdn.shopify.com/s/files/1/0770/2904/8469/files/72153.jpg?v=1774534357,,
Compatible - McLaren MCL39 F1 Car (42228),Technic,"<p>Experience the thrill of Formula 1 with this detailed McLaren MCL39 F1 Car building set, perfect for racing fans, collectors, and display enthusiasts.</p>",3999.0,,42228,,,,,18,95030030,0.5,https://cdn.shopify.com/s/files/1/0770/2904/8469/files/42228.jpg?v=1774534357,,
Compatible - Pikachu and Poké Ball (72152),Pokemon,"<p>Bring your favorite Pokémon to life with this Pikachu and Poké Ball Building Set. Designed for fun and creativity, this set lets you build an iconic duo perfect for play or display.</p>",5999.0,,72152,,,,,18,95030030,0.5,https://cdn.shopify.com/s/files/1/0770/2904/8469/files/72152.jpg?v=1774534357,,
Compatible - Star Trek U.S.S. Enterprise NCC-1701-D (10356),Icons,<p>Build your own Star Trek U.S.S. Enterprise NCC-1701-D. This high-quality compatible building block set offers an engaging building experience and makes a perfect display piece for fans and collectors.</p>,9999.0,,10356,,,,,18,95030030,0.5,https://cdn.shopify.com/s/files/1/0770/2904/8469/files/10356.jpg?v=1773855748,,
Compatible - Queen Annes Revenge (4195),Others,<p>Build your own Queen Annes Revenge. This high-quality compatible building block set offers an engaging building experience and makes a perfect display piece for fans and collectors.</p>,4699.0,,4195,,,,,18,95030030,0.5,https://cdn.shopify.com/s/files/1/0770/2904/8469/files/4195.jpg?v=1773855749,,
Compatible - Silent Mary (71042),Disney,<p>Build your own Silent Mary. This high-quality compatible building block set offers an engaging building experience and makes a perfect display piece for fans and collectors.</p>,6999.0,,71042,,,,,18,95030030,0.5,https://cdn.shopify.com/s/files/1/0770/2904/8469/files/71042.jpg?v=1773855749,,
Compatible - Crocodile Locomotive (10277),Creator,<p>Build your own Crocodile Locomotive. This high-quality compatible building block set offers an engaging building experience and makes a perfect display piece for fans and collectors.</p>,4999.0,,10277,,,,,18,95030030,0.5,https://cdn.shopify.com/s/files/1/0770/2904/8469/files/10277.jpg?v=1773855748,,
Compatible - Shopping Street (11371),Icons,<p>Build your own Shopping Street. This high-quality compatible building block set offers an engaging building experience and makes a perfect display piece for fans and collectors.</p>,9999.0,,11371,,,,,18,95030030,0.5,https://cdn.shopify.com/s/files/1/0770/2904/8469/files/11371.jpg?v=1773855749,,
Compatible - Hogwarts Moment: Charms Class (76385),Harry Potter,<p>Build your own Hogwarts Moment: Charms Class. This high-quality compatible building block set offers an engaging building experience and makes a perfect display piece for fans and collectors.</p>,1699.0,,76385,,,,,18,95030030,0.5,https://cdn.shopify.com/s/files/1/0770/2904/8469/files/76385.jpg?v=1773855749,,
Compatible - Hogwarts Moment Herbology Class (76384),Harry Potter,<p>Build your own Hogwarts Moment Herbology Class. This high-quality compatible building block set offers an engaging building experience and makes a perfect display piece for fans and collectors.</p>,1699.0,,76384,,,,,18,95030030,0.5,https://cdn.shopify.com/s/files/1/0770/2904/8469/files/76384.jpg?v=1773855749,,
Compatible - Hogwarts Moment Defense Class (76397),Harry Potter,<p>Build your own Hogwarts Moment Defense Class. This high-quality compatible building block set offers an engaging building experience and makes a perfect display piece for fans and collectors.</p>,1899.0,,76397,,,,,18,95030030,0.5,https://cdn.shopify.com/s/files/1/0770/2904/8469/files/76397.jpg?v=1773855749,,
Compatible - Hogwarts Moment Divination Class (76396),Harry Potter,<p>Build your own Hogwarts Moment Divination Class. This high-quality compatible building block set offers an engaging building experience and makes a perfect display piece for fans and collectors.</p>,1999.0,,76396,,,,,18,95030030,0.5,https://cdn.shopify.com/s/files/1/0770/2904/8469/files/76396.jpg?v=1773855749,,
Compatible - Up-Scaled Minifigure (40649),Others,<p>Build your own Up-Scaled Minifigure. This high-quality compatible building block set offers an engaging building experience and makes a perfect display piece for fans and collectors.</p>,2999.0,,40649,,,,,18,95030030,0.5,https://cdn.shopify.com/s/files/1/0770/2904/8469/files/40649.jpg?v=1773855748,,
Compatible - Wolverine Adamantium Claws (76250),Marvel,<p>Build your own Wolverine Adamantium Claws. This high-quality compatible building block set offers an engaging building experience and makes a perfect display piece for fans and collectors.</p>,2999.0,,76250,,,,,18,95030030,0.5,https://cdn.shopify.com/s/files/1/0770/2904/8469/files/76250.jpg?v=1773855749,,
Compatible - Hungarian Horntail Dragon (76406),Harry Potter,<p>Build your own Hungarian Horntail Dragon. This high-quality compatible building block set offers an engaging building experience and makes a perfect display piece for fans and collectors.</p>,2999.0,,76406,,,,,18,95030030,0.5,https://cdn.shopify.com/s/files/1/0770/2904/8469/files/76406.jpg?v=1773855749,,
Compatible - Book Nook Hogwarts Express (76450),Harry Potter,<p>Build your own Book Nook Hogwarts Express. This high-quality compatible building block set offers an engaging building experience and makes a perfect display piece for fans and collectors.</p>,3499.0,,76450,,,,,18,95030030,0.5,https://cdn.shopify.com/s/files/1/0770/2904/8469/files/76450.jpg?v=1773855749,,
Compatible - T-rex (31151),Creator,<p>Build your own T-rex. This high-quality compatible building block set offers an engaging building experience and makes a perfect display piece for fans and collectors.</p>,3499.0,,31151,,,,,18,95030030,0.5,https://cdn.shopify.com/s/files/1/0770/2904/8469/files/31151.jpg?v=1773855749,,
Compatible - Medieval Dragon (31161),Creator,<p>Build your own Medieval Dragon. This high-quality compatible building block set offers an engaging building experience and makes a perfect display piece for fans and collectors.</p>,3499.0,,31161,,,,,18,95030030,0.5,https://cdn.shopify.com/s/files/1/0770/2904/8469/files/31161.jpg?v=1773855749,,
Compatible - Iron Man Mark 3 Collectors Edition (76344),Marvel,<p>Build your own Iron Man Mark 3 Collectors Edition. This high-quality compatible building block set offers an engaging building experience and makes a perfect display piece for fans and collectors.</p>,3999.0,,76344,,,,,18,95030030,0.5,https://cdn.shopify.com/s/files/1/0770/2904/8469/files/76344.jpg?v=1773855749,,
Compatible - Wolf Mask Shadow Dojo (71813),Ninjago,<p>Build your own Wolf Mask Shadow Dojo. This high-quality compatible building block set offers an engaging building experience and makes a perfect display piece for fans and collectors.</p>,4999.0,,71813,,,,,18,95030030,0.5,https://cdn.shopify.com/s/files/1/0770/2904/8469/files/71813.jpg?v=1773855749,,
Compatible - Ninja Dojo Temple (71767),Ninjago,<p>Build your own Ninja Dojo Temple. This high-quality compatible building block set offers an engaging building experience and makes a perfect display piece for fans and collectors.</p>,5999.0,,71767,,,,,18,95030030,0.5,https://cdn.shopify.com/s/files/1/0770/2904/8469/files/71767.jpg?v=1773855749,,
Compatible - Horizon Forbidden West Tallneck (76989),Others,<p>Build your own Horizon Forbidden West Tallneck. This high-quality compatible building block set offers an engaging building experience and makes a perfect display piece for fans and collectors.</p>,4999.0,,76989,,,,,18,95030030,0.5,https://cdn.shopify.com/s/files/1/0770/2904/8469/files/76989.jpg?v=1773855749,,
Compatible - AT-ST Walker (75417),Star Wars,<p>Build your own AT-ST Walker. This high-quality compatible building block set offers an engaging building experience and makes a perfect display piece for fans and collectors.</p>,5999.0,,75417,,,,,18,95030030,0.5,https://cdn.shopify.com/s/files/1/0770/2904/8469/files/75417.jpg?v=1773855749,,
Compatible - Monastery of Spinjitzu (70670),Ninjago,<p>Build your own Monastery of Spinjitzu. This high-quality compatible building block set offers an engaging building experience and makes a perfect display piece for fans and collectors.</p>,5999.0,,70670,,,,,18,95030030,0.5,https://cdn.shopify.com/s/files/1/0770/2904/8469/files/70670.jpg?v=1773855749,,
Compatible - Temple of The Ultimate Ultimate Weapon (70617),Ninjago,<p>Build your own Temple of The Ultimate Ultimate Weapon. This high-quality compatible building block set offers an engaging building experience and makes a perfect display piece for fans and collectors.</p>,5999.0,,70617,,,,,18,95030030,0.5,https://cdn.shopify.com/s/files/1/0770/2904/8469/files/70617.jpg?v=1773855749,,
Compatible - NASA Apollo Saturn V (92176),Ideas,<p>Build your own NASA Apollo Saturn V. This high-quality compatible building block set offers an engaging building experience and makes a perfect display piece for fans and collectors.</p>,5399.0,,92176,,,,,18,95030030,0.5,https://cdn.shopify.com/s/files/1/0770/2904/8469/files/92176.jpg?v=1773855748,,
Compatible - Malfoy Manor (76453),Harry Potter,<p>Build your own Malfoy Manor. This high-quality compatible building block set offers an engaging building experience and makes a perfect display piece for fans and collectors.</p>,5999.0,,76453,,,,,18,95030030,0.5,https://cdn.shopify.com/s/files/1/0770/2904/8469/files/76453.jpg?v=1773855749,,
Compatible - Vincent van Gogh - The Starry Night (21333),Ideas,<p>Build your own Vincent van Gogh - The Starry Night. This high-quality compatible building block set offers an engaging building experience and makes a perfect display piece for fans and collectors.</p>,5999.0,,21333,,,,,18,95030030,0.5,https://cdn.shopify.com/s/files/1/0770/2904/8469/files/21333.jpg?v=1773855749,,
Compatible - Temple of Airjitzu (70751),Ninjago,<p>Build your own Temple of Airjitzu. This high-quality compatible building block set offers an engaging building experience and makes a perfect display piece for fans and collectors.</p>,6499.0,,70751,,,,,18,95030030,0.5,https://cdn.shopify.com/s/files/1/0770/2904/8469/files/70751.jpg?v=1773855749,,
Compatible - Philosophers Stone (76466),Harry Potter,<p>Build your own Philosophers Stone. This high-quality compatible building block set offers an engaging building experience and makes a perfect display piece for fans and collectors.</p>,7499.0,,76466,,,,,18,95030030,0.5,https://cdn.shopify.com/s/files/1/0770/2904/8469/files/76466.jpg?v=1773855749,,
Compatible - Hogsmeade Village (76457),Harry Potter,<p>Build your own Hogsmeade Village. This high-quality compatible building block set offers an engaging building experience and makes a perfect display piece for fans and collectors.</p>,9499.0,,76457,,,,,18,95030030,0.5,https://cdn.shopify.com/s/files/1/0770/2904/8469/files/76457.jpg?v=1773855749,,
Compatible - Italian Riviera (21359),Ideas,<p>Build your own Italian Riviera. This high-quality compatible building block set offers an engaging building experience and makes a perfect display piece for fans and collectors.</p>,10999.0,,21359,,,,,18,95030030,0.5,https://cdn.shopify.com/s/files/1/0770/2904/8469/files/21359.jpg?v=1773855748,,
Compatible - Droideka (75381),Star Wars,<p>Build your own Droideka. This high-quality compatible building block set offers an engaging building experience and makes a perfect display piece for fans and collectors.</p>,2499.0,,75381,,,,,18,95030030,0.5,https://cdn.shopify.com/s/files/1/0770/2904/8469/files/75381.jpg?v=1773855749,,
Compatible - TIE Fighter Pilot Helmet (75274),Star Wars,<p>Build your own TIE Fighter Pilot Helmet. This high-quality compatible building block set offers an engaging building experience and makes a perfect display piece for fans and collectors.</p>,2999.0,,75274,,,,,18,95030030,0.5,https://cdn.shopify.com/s/files/1/0770/2904/8469/files/75274.jpg?v=1773855749,,
Compatible - Captain Rex Helmet (75349),Star Wars,<p>Build your own Captain Rex Helmet. This high-quality compatible building block set offers an engaging building experience and makes a perfect display piece for fans and collectors.</p>,2999.0,,75349,,,,,18,95030030,0.5,https://cdn.shopify.com/s/files/1/0770/2904/8469/files/75349.jpg?v=1773855749,,
Compatible - Clone Commander Cody Helmet (75350),Star Wars,<p>Build your own Clone Commander Cody Helmet. This high-quality compatible building block set offers an engaging building experience and makes a perfect display piece for fans and collectors.</p>,2999.0,,75350,,,,,18,95030030,0.5,https://cdn.shopify.com/s/files/1/0770/2904/8469/files/75350.jpg?v=1773855749,,
Compatible - Dark Trooper Helmet (75343),Star Wars,<p>Build your own Dark Trooper Helmet. This high-quality compatible building block set offers an engaging building experience and makes a perfect display piece for fans and collectors.</p>,2999.0,,75343,,,,,18,95030030,0.5,https://cdn.shopify.com/s/files/1/0770/2904/8469/files/75343.jpg?v=1773855749,,
Marvel Avengers Superheroes Minifigs – Pack of 6 (MAPO6),Minifigs,"<p>Assemble Earth's mightiest heroes with this exciting <strong>Marvel Avengers</strong> minifigure collection featuring legendary superheroes and villains from the Marvel universe.</p><p>This collectible set brings together iconic characters equipped with their signature gear and accessories, perfect for fans, collectors, and builders who want to recreate epic superhero battles.</p><p><strong>Characters included:</strong></p><ul>
<li>Nick Fury</li>
<li>Iron Man</li>
<li>Captain America</li>
<li>Thanos</li>
<li>Black Widow</li>
<li>Hulk</li>
</ul><p><strong>Features:</strong></p><ul>
<li>6 Marvel superhero collectible minifigures</li>
<li>Includes character weapons and accessories</li>
<li>Compatible with most major building brick brands</li>
<li>Perfect for collectors, display, and superhero adventures</li>
</ul>",799.0,,SKU-MARVEL-AVENGERS-SUPERHEROES,,,,,18,95030030,0.5,https://cdn.shopify.com/s/files/1/0770/2904/8469/files/MAPO6.jpg?v=1773249487,,
Compatible - Death Star - UCS (75419),Star Wars,<p>Build your own Death Star - UCS. This high-quality compatible building block set offers an engaging building experience and makes a perfect display piece for fans and collectors.</p>,17999.0,,75419,,,,,18,95030030,0.5,https://cdn.shopify.com/s/files/1/0770/2904/8469/files/75419.jpg?v=1772107138,,
Compatible - Colosseum (10276),Icons,<p>Build your own Colosseum. This high-quality compatible building block set offers an engaging building experience and makes a perfect display piece for fans and collectors.</p>,16499.0,,10276,,,,,18,95030030,0.5,https://cdn.shopify.com/s/files/1/0770/2904/8469/files/10276_53986054-70c0-477e-ad04-d8c1fea86f17.jpg?v=1772102547,,
Compatible - Star Wars - UCS - The Millenium Falcon (75192),Star Wars,<p>Build your own Star Wars - UCS - The Millenium Falcon. This high-quality compatible building block set offers an engaging building experience and makes a perfect display piece for fans and collectors.</p>,15999.0,,75192,,,,,18,95030030,0.5,https://cdn.shopify.com/s/files/1/0770/2904/8469/files/75192_f25d9899-b180-44d6-8e39-0efdf7e3107f.jpg?v=1772102546,,
Compatible - AT-AT (75313),Star Wars,<p>Build your own AT-AT. This high-quality compatible building block set offers an engaging building experience and makes a perfect display piece for fans and collectors.</p>,15499.0,,75313,,,,,18,95030030,0.5,https://cdn.shopify.com/s/files/1/0770/2904/8469/files/75313_5dbd49cf-1139-4e57-8e29-6dc0883bc48a.jpg?v=1772102545,,
Compatible - Eiffel Tower (10307),Icons,<p>Build your own Eiffel Tower. This high-quality compatible building block set offers an engaging building experience and makes a perfect display piece for fans and collectors.</p>,11999.0,,10307,,,,,18,95030030,0.5,https://cdn.shopify.com/s/files/1/0770/2904/8469/files/10307_806d1616-7625-4444-8c25-a0453a57d187.jpg?v=1772102544,,
Compatible - Hogwarts Castle (71043),Harry Potter,<p>Build your own Hogwarts Castle. This high-quality compatible building block set offers an engaging building experience and makes a perfect display piece for fans and collectors.</p>,13499.0,,71043,,,,,18,95030030,0.5,https://cdn.shopify.com/s/files/1/0770/2904/8469/files/71043_e335c9a3-5be2-42aa-a940-b22e42b43292.jpg?v=1772102543,,
Compatible - UCS - The Razor Crest (75331),Star Wars,<p>Build your own UCS - The Razor Crest. This high-quality compatible building block set offers an engaging building experience and makes a perfect display piece for fans and collectors.</p>,12999.0,,75331,,,,,18,95030030,0.5,https://cdn.shopify.com/s/files/1/0770/2904/8469/files/75331_c412e561-2db0-44b4-8683-5b7590be01e2.jpg?v=1772102542,,
Compatible - Titanic (10294),Icons,<p>Build your own Titanic. This high-quality compatible building block set offers an engaging building experience and makes a perfect display piece for fans and collectors.</p>,14999.0,,10294,,,,,18,95030030,0.5,https://cdn.shopify.com/s/files/1/0770/2904/8469/files/10294_3041d30b-caa5-453f-8df9-c66a28a578f0.jpg?v=1772102541,,
Compatible - Real Madrid – Santiago Bernabéu Stadium (10299),Creator Expert,<p>Build your own Real Madrid – Santiago Bernabéu Stadium. This high-quality compatible building block set offers an engaging building experience and makes a perfect display piece for fans and collectors.</p>,11999.0,,10299,,,,,18,95030030,0.5,https://cdn.shopify.com/s/files/1/0770/2904/8469/files/10299_050c800d-fdbf-492f-ad96-062cad254195.jpg?v=1772102540,,
Compatible - Ninjago City Markets (71799),Ninjago,<p>Build your own Ninjago City Markets. This high-quality compatible building block set offers an engaging building experience and makes a perfect display piece for fans and collectors.</p>,10999.0,,71799,,,,,18,95030030,0.5,https://cdn.shopify.com/s/files/1/0770/2904/8469/files/71799_ed3aec9d-ba70-47df-b30a-5ecb7dbdd038.jpg?v=1772102539,,
Compatible - The Lord of the Rings Rivendell (10316),The Lord of the Rings,<p>Build your own The Lord of the Rings Rivendell. This high-quality compatible building block set offers an engaging building experience and makes a perfect display piece for fans and collectors.</p>,10999.0,,10316,,,,,18,95030030,0.5,https://cdn.shopify.com/s/files/1/0770/2904/8469/files/10316_61b9ea45-ffdc-4b73-a436-463df629a5fc.jpg?v=1772102538,,
Compatible - The Lord of the Rings: Barad-dûr (10333),The Lord of the Rings,<p>Build your own The Lord of the Rings: Barad-dûr. This high-quality compatible building block set offers an engaging building experience and makes a perfect display piece for fans and collectors.</p>,10999.0,,10333,,,,,18,95030030,0.5,https://cdn.shopify.com/s/files/1/0770/2904/8469/files/10333_a0b9f34a-a3e4-436e-b55f-56fd6f503b50.jpg?v=1772102537,,
Compatible - Venator-Class Republic Attack Cruiser (75367),Star Wars,<p>Build your own Venator-Class Republic Attack Cruiser. This high-quality compatible building block set offers an engaging building experience and makes a perfect display piece for fans and collectors.</p>,10999.0,,75367,,,,,18,95030030,0.5,https://cdn.shopify.com/s/files/1/0770/2904/8469/files/75367_d17ebdd4-7083-4191-bcc6-81942a0aeb30.jpg?v=1772102536,,
Compatible - Avengers Tower (76269),Marvel,<p>Build your own Avengers Tower. This high-quality compatible building block set offers an engaging building experience and makes a perfect display piece for fans and collectors.</p>,10399.0,,76269,,,,,18,95030030,0.5,https://cdn.shopify.com/s/files/1/0770/2904/8469/files/76269_97a88aec-3b3d-45b9-81c4-68d819643d91.jpg?v=1772102534,,
Compatible - Gringotts Wizarding Bank - Collectors Edition (76417),Harry Potter,<p>Build your own Gringotts Wizarding Bank - Collectors Edition. This high-quality compatible building block set offers an engaging building experience and makes a perfect display piece for fans and collectors.</p>,10999.0,,76417,,,,,18,95030030,0.5,https://cdn.shopify.com/s/files/1/0770/2904/8469/files/76417_c4c20df9-2701-4676-b3f3-d4afee3c6f14.jpg?v=1772102533,,
Compatible - Hogwarts Train Collectors Edition (76405),Harry Potter,<p>Build your own Hogwarts Train Collectors Edition. This high-quality compatible building block set offers an engaging building experience and makes a perfect display piece for fans and collectors.</p>,10999.0,,76405,,,,,18,95030030,0.5,https://cdn.shopify.com/s/files/1/0770/2904/8469/files/76405_cb697657-97ef-4aea-a93c-b984b2cdf8bb.jpg?v=1772102532,,
Compatible - Welcome to Apocalypseburg (70840),DC,<p>Build your own Welcome to Apocalypseburg. This high-quality compatible building block set offers an engaging building experience and makes a perfect display piece for fans and collectors.</p>,9999.0,,70840,,,,,18,95030030,0.5,https://cdn.shopify.com/s/files/1/0770/2904/8469/files/70840_0c3d354a-3362-4a23-a7a4-133fb0192808.jpg?v=1772102531,,
Compatible - Batcave Shadow Box (76252),DC,<p>Build your own Batcave Shadow Box. This high-quality compatible building block set offers an engaging building experience and makes a perfect display piece for fans and collectors.</p>,9999.0,,76252,,,,,18,95030030,0.5,https://cdn.shopify.com/s/files/1/0770/2904/8469/files/76252_74f58efd-bdef-4501-9fe6-d01bfe8d5e93.jpg?v=1772102530,,
Compatible - Loop Coaster (10303),Powered UP,<p>Build your own Loop Coaster. This high-quality compatible building block set offers an engaging building experience and makes a perfect display piece for fans and collectors.</p>,10999.0,,10303,,,,,18,95030030,0.5,https://cdn.shopify.com/s/files/1/0770/2904/8469/files/10303_16f5e894-2bdd-4b62-a5a2-f52556c283b8.jpg?v=1772102529,,
Compatible - River Steamboat (21356),Ideas,<p>Build your own River Steamboat. This high-quality compatible building block set offers an engaging building experience and makes a perfect display piece for fans and collectors.</p>,7999.0,,21356,,,,,18,95030030,0.5,https://cdn.shopify.com/s/files/1/0770/2904/8469/files/21356_2c1c7eed-a0a3-4400-bde6-c7df68de3570.jpg?v=1772102528,,
Compatible - Ghostbusters Firehouse (75827),Ghostbusters,<p>Build your own Ghostbusters Firehouse. This high-quality compatible building block set offers an engaging building experience and makes a perfect display piece for fans and collectors.</p>,9499.0,,75827,,,,,18,95030030,0.5,https://cdn.shopify.com/s/files/1/0770/2904/8469/files/75827_90645dd6-606c-471d-a05b-3da6a2bc832c.jpg?v=1772102527,,
Compatible - Diagon Alley (75978),Harry Potter,<p>Build your own Diagon Alley. This high-quality compatible building block set offers an engaging building experience and makes a perfect display piece for fans and collectors.</p>,9499.0,,75978,,,,,18,95030030,0.5,https://cdn.shopify.com/s/files/1/0770/2904/8469/files/75978_5e863fdc-15d1-44dd-9f50-26ed27221166.jpg?v=1772102526,,
Compatible - Mercedes Benz Arocs (42043),Technic,"<p>Build your own Mercedes Benz Arocs. This high-quality compatible building block set offers an engaging building experience and makes a perfect display piece for fans and collectors.</p>
<p><strong>Note:</strong> This set does not include the box or physical instruction manual. A digital manual will be shared separately via WhatsApp.</p>",9999.0,,42043,,,,,18,95030030,0.5,https://cdn.shopify.com/s/files/1/0770/2904/8469/files/42043_62f4f2a0-c20a-485b-b3c7-c3892b406028.jpg?v=1772102524,,
Compatible - Volvo EC500 Hybrid Excavator (42215),Technic,<p>Build your own Volvo EC500 Hybrid Excavator. This high-quality compatible building block set offers an engaging building experience and makes a perfect display piece for fans and collectors.</p>,9999.0,,42215,,,,,18,95030030,0.5,https://cdn.shopify.com/s/files/1/0770/2904/8469/files/42215_bd68a823-87ea-46ec-97b5-654db87ac690.jpg?v=1772102523,,
Compatible - Jurassic Park - TRex Rampage (75936),Jurassic World,<p>Build your own Jurassic Park - TRex Rampage. This high-quality compatible building block set offers an engaging building experience and makes a perfect display piece for fans and collectors.</p>,9999.0,,75936,,,,,18,95030030,0.5,https://cdn.shopify.com/s/files/1/0770/2904/8469/files/75936_cdf96a58-efa5-446d-80c1-c5885420f0af.jpg?v=1772102522,,
Compatible - The Mighty Bowser (71411),Super Mario,<p>Build your own The Mighty Bowser. This high-quality compatible building block set offers an engaging building experience and makes a perfect display piece for fans and collectors.</p>,7499.0,,71411,,,,,18,95030030,0.5,https://cdn.shopify.com/s/files/1/0770/2904/8469/files/71411_a2dce758-1060-4dca-a509-b802799084f9.jpg?v=1772102521,,
Compatible - The Daily Bugle (76178),Marvel,<p>Build your own The Daily Bugle. This high-quality compatible building block set offers an engaging building experience and makes a perfect display piece for fans and collectors.</p>,7999.0,,76178,,,,,18,95030030,0.5,https://cdn.shopify.com/s/files/1/0770/2904/8469/files/76178_c37d4ab2-07ca-49a1-8edc-b1cc6544c6e0.jpg?v=1772102520,,
Compatible - Stranger Things The Creel House (11370),Stranger Things,<p>Build your own Stranger Things The Creel House. This high-quality compatible building block set offers an engaging building experience and makes a perfect display piece for fans and collectors.</p>,5999.0,,11370,,,,,18,95030030,0.5,https://cdn.shopify.com/s/files/1/0770/2904/8469/files/11370_1e4b3e05-931b-46ef-b83e-03c44af74168.jpg?v=1772102519,,
Compatible - Sanctum Sanctorum (76218),Marvel,<p>Build your own Sanctum Sanctorum. This high-quality compatible building block set offers an engaging building experience and makes a perfect display piece for fans and collectors.</p>,7999.0,,76218,,,,,18,95030030,0.5,https://cdn.shopify.com/s/files/1/0770/2904/8469/files/76218_0866ae5c-c532-4a5e-9e16-071767806d7e.jpg?v=1772102518,,
Compatible - Captain Jack Sparrows Pirate Ship (10365),Icons,<p>Build your own Captain Jack Sparrows Pirate Ship. This high-quality compatible building block set offers an engaging building experience and makes a perfect display piece for fans and collectors.</p>,7999.0,,10365,,,,,18,95030030,0.5,https://cdn.shopify.com/s/files/1/0770/2904/8469/files/10365_8962e76f-77b3-4733-97da-af788eec0a1e.jpg?v=1772102517,,
Compatible - Hogwarts Icons - Collectors Edition (76391),Harry Potter,<p>Build your own Hogwarts Icons - Collectors Edition. This high-quality compatible building block set offers an engaging building experience and makes a perfect display piece for fans and collectors.</p>,6999.0,,76391,,,,,18,95030030,0.5,https://cdn.shopify.com/s/files/1/0770/2904/8469/files/76391_ca029fb4-f77b-4a53-80ac-c9fabf10d982.jpg?v=1772102515,,
Compatible - 1989 Batmobile (76139),DC,<p>Build your own 1989 Batmobile. This high-quality compatible building block set offers an engaging building experience and makes a perfect display piece for fans and collectors.</p>,7999.0,,76139,,,,,18,95030030,0.5,https://cdn.shopify.com/s/files/1/0770/2904/8469/files/76139_479ba82c-2c4f-4c8b-85de-d0be30592ab8.jpg?v=1772102515,,
Compatible - Batman: The Animated Series Gotham City (76271),DC,<p>Build your own Batman: The Animated Series Gotham City. This high-quality compatible building block set offers an engaging building experience and makes a perfect display piece for fans and collectors.</p>,7999.0,,76271,,,,,18,95030030,0.5,https://cdn.shopify.com/s/files/1/0770/2904/8469/files/76271_30213953-3607-472d-8a6a-2342e1f8aa76.jpg?v=1772102513,,
Compatible - Tree House (21318),Ideas,<p>Build your own Tree House. This high-quality compatible building block set offers an engaging building experience and makes a perfect display piece for fans and collectors.</p>,7999.0,,21318,,,,,18,95030030,0.5,https://cdn.shopify.com/s/files/1/0770/2904/8469/files/21318_4cf90cf3-f7fd-4b32-8c03-1f39a70e2e91.jpg?v=1772102512,,
Compatible - Airbus H175 Rescue Helicopter (42145),Technic,<p>Build your own Airbus H175 Rescue Helicopter. This high-quality compatible building block set offers an engaging building experience and makes a perfect display piece for fans and collectors.</p>,7999.0,,42145,,,,,18,95030030,0.5,https://cdn.shopify.com/s/files/1/0770/2904/8469/files/42145_563ed303-6c13-42d4-9d33-cbfc5e93ec76.jpg?v=1772102510,,
Compatible - The Tower of Orthanc (10237),The Lord of the Rings,<p>Build your own The Tower of Orthanc. This high-quality compatible building block set offers an engaging building experience and makes a perfect display piece for fans and collectors.</p>,7999.0,,10237,,,,,18,95030030,0.5,https://cdn.shopify.com/s/files/1/0770/2904/8469/files/10237_1cef9695-ed20-4220-8a37-a2de30dd79f3.jpg?v=1772102508,,
Compatible - Super Heroes The SHIELD Helicarrier (76042),Marvel,<p>Build your own Super Heroes The SHIELD Helicarrier. This high-quality compatible building block set offers an engaging building experience and makes a perfect display piece for fans and collectors.</p>,7999.0,,76042,,,,,18,95030030,0.5,https://cdn.shopify.com/s/files/1/0770/2904/8469/files/76042_03a30b47-7990-4dab-ac5a-402a1bd43db5.jpg?v=1772102507,,
Compatible - Dinosaur Fossils: Tyrannosaurus Rex (76968),Jurassic World,<p>Build your own Dinosaur Fossils: Tyrannosaurus Rex. This high-quality compatible building block set offers an engaging building experience and makes a perfect display piece for fans and collectors.</p>,6499.0,,76968,,,,,18,95030030,0.5,https://cdn.shopify.com/s/files/1/0770/2904/8469/files/76968_acbfbac3-f9bd-4eb2-b305-c368f0814007.jpg?v=1772102505,,
Compatible - NASA Artemis Space Launch System (10341),Icons,<p>Build your own NASA Artemis Space Launch System. This high-quality compatible building block set offers an engaging building experience and makes a perfect display piece for fans and collectors.</p>,7999.0,,10341,,,,,18,95030030,0.5,https://cdn.shopify.com/s/files/1/0770/2904/8469/files/10341_d9098ea3-da65-4d86-b000-fa3989759306.jpg?v=1772102504,,
Compatible - Haunted House (10273),Icons,<p>Build your own Haunted House. This high-quality compatible building block set offers an engaging building experience and makes a perfect display piece for fans and collectors.</p>,6999.0,,10273,,,,,18,95030030,0.5,https://cdn.shopify.com/s/files/1/0770/2904/8469/files/10273_24414803-a557-48f2-b1f7-c9fecd323e21.jpg?v=1772102502,,
Compatible - Shuttle Carrier Aircraft (10360),Icons,<p>Build your own Shuttle Carrier Aircraft. This high-quality compatible building block set offers an engaging building experience and makes a perfect display piece for fans and collectors.</p>,6999.0,,10360,,,,,18,95030030,0.5,https://cdn.shopify.com/s/files/1/0770/2904/8469/files/10360_aaab80b0-a068-441e-8333-7a6adc9f9e64.jpg?v=1772102500,,
Compatible - Ghostbusters Ecto-1 (10274),Icons,<p>Build your own Ghostbusters Ecto-1. This high-quality compatible building block set offers an engaging building experience and makes a perfect display piece for fans and collectors.</p>,6999.0,,10274,,,,,18,95030030,0.5,https://cdn.shopify.com/s/files/1/0770/2904/8469/files/10274_304e6a41-cb67-4af5-9fb3-fb41153a56e6.jpg?v=1772102498,,
Compatible - PAC-MAN Arcade (10323),Icons,<p>Build your own PAC-MAN Arcade. This high-quality compatible building block set offers an engaging building experience and makes a perfect display piece for fans and collectors.</p>,6999.0,,10323,,,,,18,95030030,0.5,https://cdn.shopify.com/s/files/1/0770/2904/8469/files/10323_5da04163-3ab2-4518-ae64-0864129537db.jpg?v=1772102497,,
Compatible - Diagon Alley Wizarding Shops (76444),Harry Potter,<p>Build your own Diagon Alley Wizarding Shops. This high-quality compatible building block set offers an engaging building experience and makes a perfect display piece for fans and collectors.</p>,7999.0,,76444,,,,,18,95030030,0.5,https://cdn.shopify.com/s/files/1/0770/2904/8469/files/76444_e7d6db42-9ef4-43bd-8334-c5ce698c145d.jpg?v=1772102495,,
Compatible - The Burrow – Collectors Edition (76437),Harry Potter,<p>Build your own The Burrow – Collectors Edition. This high-quality compatible building block set offers an engaging building experience and makes a perfect display piece for fans and collectors.</p>,7999.0,,76437,,,,,18,95030030,0.5,https://cdn.shopify.com/s/files/1/0770/2904/8469/files/76437_6b22bf48-8ded-4935-8e55-562d1dddea85.jpg?v=1772102494,,
Compatible - Hogwarts Castle - The Great Hall (76435),Harry Potter,<p>Build your own Hogwarts Castle - The Great Hall. This high-quality compatible building block set offers an engaging building experience and makes a perfect display piece for fans and collectors.</p>,7999.0,,76435,,,,,18,95030030,0.5,https://cdn.shopify.com/s/files/1/0770/2904/8469/files/76435_953363f2-c7f9-4f0b-8840-5fb1388711fe.jpg?v=1772102493,,
Compatible - Mecha Team Leader (77078),Fortnite,<p>Build your own Mecha Team Leader. This high-quality compatible building block set offers an engaging building experience and makes a perfect display piece for fans and collectors.</p>,5999.0,,77078,,,,,18,95030030,0.5,https://cdn.shopify.com/s/files/1/0770/2904/8469/files/77078_09736e30-3522-45f1-abb5-1cc9cf1e35b8.jpg?v=1772102492,,
Compatible - The Upside Down (75810),Stranger Things,<p>Build your own The Upside Down. This high-quality compatible building block set offers an engaging building experience and makes a perfect display piece for fans and collectors.</p>,6499.0,,75810,,,,,18,95030030,0.5,https://cdn.shopify.com/s/files/1/0770/2904/8469/files/75810_7364fef9-d6da-4afa-9e95-efea1fe4088e.jpg?v=1772102491,,
Compatible - Boutique Hotel (10297),Icons,<p>Build your own Boutique Hotel. This high-quality compatible building block set offers an engaging building experience and makes a perfect display piece for fans and collectors.</p>,7999.0,,10297,,,,,18,95030030,0.5,https://cdn.shopify.com/s/files/1/0770/2904/8469/files/10297_bf0b15ff-fa98-4ebf-8184-d074584c21ca.jpg?v=1772102490,,
Compatible - The Endurance Ship (10335),Icons,<p>Build your own The Endurance Ship. This high-quality compatible building block set offers an engaging building experience and makes a perfect display piece for fans and collectors.</p>,7999.0,,10335,,,,,18,95030030,0.5,https://cdn.shopify.com/s/files/1/0770/2904/8469/files/10335_320a1b1b-5904-4b8d-a386-6f31bd1200fa.jpg?v=1772102489,,
Compatible - Police Station (10278),Creator Expert,<p>Build your own Police Station. This high-quality compatible building block set offers an engaging building experience and makes a perfect display piece for fans and collectors.</p>,7799.0,,10278,,,,,18,95030030,0.5,https://cdn.shopify.com/s/files/1/0770/2904/8469/files/10278_ed4b9433-94b3-401c-8135-3b0cf15cd275.jpg?v=1772102488,,
Compatible - Ultimate Formula 1 Collectors Pack (66802),Collectors Pack,<p>Build your own Ultimate Formula 1 Collectors Pack. This high-quality compatible building block set offers an engaging building experience and makes a perfect display piece for fans and collectors.</p>,6999.0,,66802,,,,,18,95030030,0.5,https://cdn.shopify.com/s/files/1/0770/2904/8469/files/66802_8e27a54f-4d7a-47c3-86f6-1e1dcbcffe66.jpg?v=1772102487,,
Compatible - The Milky Way Galaxy (31212),Art,<p>Build your own The Milky Way Galaxy. This high-quality compatible building block set offers an engaging building experience and makes a perfect display piece for fans and collectors.</p>,7999.0,,31212,,,,,18,95030030,0.5,https://cdn.shopify.com/s/files/1/0770/2904/8469/files/31212_165cf4ec-dc14-4467-92ac-b9ff9e0ff62e.jpg?v=1772102485,,
Compatible - McLaren P1 (42172),Technic,<p>Build your own McLaren P1. This high-quality compatible building block set offers an engaging building experience and makes a perfect display piece for fans and collectors.</p>,6999.0,,42172,,,,,18,95030030,0.5,https://cdn.shopify.com/s/files/1/0770/2904/8469/files/42172_12278caf-fc90-4554-b5b0-f5dadc136006.jpg?v=1772102484,,
Compatible - The Simpsons Krusty Burger Restaurant (10352),The Simpsons,<p>Build your own The Simpsons Krusty Burger Restaurant. This high-quality compatible building block set offers an engaging building experience and makes a perfect display piece for fans and collectors.</p>,6999.0,,10352,,,,,18,95030030,0.5,https://cdn.shopify.com/s/files/1/0770/2904/8469/files/10352_1f686e60-b3ed-493c-bb82-3f0813faec1e.jpg?v=1772102483,,
Compatible - The Orient Express Train (21344),Ideas,<p>Build your own The Orient Express Train. This high-quality compatible building block set offers an engaging building experience and makes a perfect display piece for fans and collectors.</p>,7499.0,,21344,,,,,18,95030030,0.5,https://cdn.shopify.com/s/files/1/0770/2904/8469/files/21344_ea54e668-4cd1-4210-9a46-b7d333624d85.jpg?v=1772102482,,
Compatible - Motorized Lighthouse (21335),Ideas,<p>Build your own Motorized Lighthouse. This high-quality compatible building block set offers an engaging building experience and makes a perfect display piece for fans and collectors.</p>,6999.0,,21335,,,,,18,95030030,0.5,https://cdn.shopify.com/s/files/1/0770/2904/8469/files/21335_d9a8a2bd-c062-4efd-b509-d4deb997ea96.jpg?v=1772102481,,
Compatible - The Friends Apartments (10292),Icons,<p>Build your own The Friends Apartments. This high-quality compatible building block set offers an engaging building experience and makes a perfect display piece for fans and collectors.</p>,6999.0,,10292,,,,,18,95030030,0.5,https://cdn.shopify.com/s/files/1/0770/2904/8469/files/10292_c5437fd0-b886-402f-b008-9da805b5fc71.jpg?v=1772102480,,
Compatible - Hogwarts Castle - The Main Tower (76454),Harry Potter,<p>Build your own Hogwarts Castle - The Main Tower. This high-quality compatible building block set offers an engaging building experience and makes a perfect display piece for fans and collectors.</p>,6999.0,,76454,,,,,18,95030030,0.5,https://cdn.shopify.com/s/files/1/0770/2904/8469/files/76454_64cf3ee1-c0e5-46d5-8e76-606f2e545901.jpg?v=1772102478,,
Compatible - Batman: The Classic TV Series Batmobile (76328),DC,<p>Build your own Batman: The Classic TV Series Batmobile. This high-quality compatible building block set offers an engaging building experience and makes a perfect display piece for fans and collectors.</p>,6999.0,,76328,,,,,18,95030030,0.5,https://cdn.shopify.com/s/files/1/0770/2904/8469/files/76328_4e23c120-8071-4fb1-8d19-241fc3c72a08.jpg?v=1772102477,,
Compatible - Himeji Castle (21060),Architecture,<p>Build your own Himeji Castle. This high-quality compatible building block set offers an engaging building experience and makes a perfect display piece for fans and collectors.</p>,5999.0,,21060,,,,,18,95030030,0.5,https://cdn.shopify.com/s/files/1/0770/2904/8469/files/21060_75621c1f-344a-4755-95f3-f046a97623a8.jpg?v=1772102476,,
Compatible - Neuschwanstein Castle (21063),Architecture,<p>Build your own Neuschwanstein Castle. This high-quality compatible building block set offers an engaging building experience and makes a perfect display piece for fans and collectors.</p>,5999.0,,21063,,,,,18,95030030,0.5,https://cdn.shopify.com/s/files/1/0770/2904/8469/files/21063_e62785ce-39b7-4aca-90e6-9281c71f54fc.jpg?v=1772102475,,
Compatible - X-Men: The X-Mansion (76294),Marvel,<p>Build your own X-Men: The X-Mansion. This high-quality compatible building block set offers an engaging building experience and makes a perfect display piece for fans and collectors.</p>,7999.0,,76294,,,,,18,95030030,0.5,https://cdn.shopify.com/s/files/1/0770/2904/8469/files/76294_8ecf2dda-0245-4845-a9f8-c30ed70a8cad.jpg?v=1772102474,,
Compatible - Hogwarts Castle and Grounds (76419),Harry Potter,<p>Build your own Hogwarts Castle and Grounds. This high-quality compatible building block set offers an engaging building experience and makes a perfect display piece for fans and collectors.</p>,6499.0,,76419,,,,,18,95030030,0.5,https://cdn.shopify.com/s/files/1/0770/2904/8469/files/76419_d417f47f-6087-469f-ae6a-ab5d9f885490.jpg?v=1772102473,,
Compatible - Ferrari Daytona SP3 (42143),Technic,<p>Build your own Ferrari Daytona SP3. This high-quality compatible building block set offers an engaging building experience and makes a perfect display piece for fans and collectors.</p>,6299.0,,42143,,,,,18,95030030,0.5,https://cdn.shopify.com/s/files/1/0770/2904/8469/files/42143_e5607fb4-c9a9-45f4-b63b-8541311a4027.jpg?v=1772102471,,
Compatible - Bugatti Chiron (42083),Technic,<p>Build your own Bugatti Chiron. This high-quality compatible building block set offers an engaging building experience and makes a perfect display piece for fans and collectors.</p>,6299.0,,42083,,,,,18,95030030,0.5,https://cdn.shopify.com/s/files/1/0770/2904/8469/files/42083_e40ab4f3-e0f9-41fb-9135-26e27823d11c.jpg?v=1772102470,,
Compatible - Lamborghini Sián FKP 37 (42115),Technic,<p>Build your own Lamborghini Sián FKP 37. This high-quality compatible building block set offers an engaging building experience and makes a perfect display piece for fans and collectors.</p>,6299.0,,42115,,,,,18,95030030,0.5,https://cdn.shopify.com/s/files/1/0770/2904/8469/files/42115_58f9c980-29f3-4eab-b2ac-a023ea7a30a1.jpg?v=1772102469,,
Compatible - Explorers Arctic Polar Express Train (60470),City,<p>Build your own Explorers Arctic Polar Express Train. This high-quality compatible building block set offers an engaging building experience and makes a perfect display piece for fans and collectors.</p>,5999.0,,60470,,,,,18,95030030,0.5,https://cdn.shopify.com/s/files/1/0770/2904/8469/files/60470_cd9f0e66-58f1-489d-94bb-10ed9eae242f.jpg?v=1772102468,,
Compatible - Batmobile Tumbler (76240),DC,<p>Build your own Batmobile Tumbler. This high-quality compatible building block set offers an engaging building experience and makes a perfect display piece for fans and collectors.</p>,6499.0,,76240,,,,,18,95030030,0.5,https://cdn.shopify.com/s/files/1/0770/2904/8469/files/76240_98c06622-9e1a-405f-b77d-5d943ffb3456.jpg?v=1772102467,,
Compatible - Porsche 911 GT3 RS (42056),Technic,<p>Build your own Porsche 911 GT3 RS. This high-quality compatible building block set offers an engaging building experience and makes a perfect display piece for fans and collectors.</p>,5999.0,,42056,,,,,18,95030030,0.5,https://cdn.shopify.com/s/files/1/0770/2904/8469/files/42056_0715cd7b-a82c-495b-b4ff-d65789a7e988.jpg?v=1772102465,,
Compatible - The Simpsons House (71006),The Simpsons,<p>Build your own The Simpsons House. This high-quality compatible building block set offers an engaging building experience and makes a perfect display piece for fans and collectors.</p>,6199.0,,71006,,,,,18,95030030,0.5,https://cdn.shopify.com/s/files/1/0770/2904/8469/files/71006_28570b1e-957a-4303-929e-9d459531dd14.jpg?v=1772102464,,
Compatible - X-Wing Starfighter UCS (75355),Star Wars,<p>Build your own X-Wing Starfighter UCS. This high-quality compatible building block set offers an engaging building experience and makes a perfect display piece for fans and collectors.</p>,5999.0,,75355,,,,,18,95030030,0.5,https://cdn.shopify.com/s/files/1/0770/2904/8469/files/75355_0e8aebab-9a15-495c-af81-0076c35e01c8.jpg?v=1772102463,,
Compatible - The Dark Falcon (75389),Star Wars,<p>Build your own The Dark Falcon. This high-quality compatible building block set offers an engaging building experience and makes a perfect display piece for fans and collectors.</p>,5999.0,,75389,,,,,18,95030030,0.5,https://cdn.shopify.com/s/files/1/0770/2904/8469/files/75389_c722d46c-9993-47ad-8a73-b957401e3aca.jpg?v=1772102462,,
Compatible - Imperial Star Destroyer (75394),Star Wars,<p>Build your own Imperial Star Destroyer. This high-quality compatible building block set offers an engaging building experience and makes a perfect display piece for fans and collectors.</p>,5999.0,,75394,,,,,18,95030030,0.5,https://cdn.shopify.com/s/files/1/0770/2904/8469/files/75394_660f218d-e815-43fa-b420-f48287769032.jpg?v=1772102461,,
Compatible - First Order Star Destroyer (75190),Star Wars,<p>Build your own First Order Star Destroyer. This high-quality compatible building block set offers an engaging building experience and makes a perfect display piece for fans and collectors.</p>,5499.0,,75190,,,,,18,95030030,0.5,https://cdn.shopify.com/s/files/1/0770/2904/8469/files/75190_e4d48ec0-10dc-4bf9-a9d9-58eb0e28b57a.jpg?v=1772102460,,
Compatible - The Evolution of STEM (21355),Ideas,<p>Build your own The Evolution of STEM. This high-quality compatible building block set offers an engaging building experience and makes a perfect display piece for fans and collectors.</p>,5999.0,,21355,,,,,18,95030030,0.5,https://cdn.shopify.com/s/files/1/0770/2904/8469/files/21355_a2714ee8-2299-4133-819b-d099558f01ab.jpg?v=1772102459,,
Compatible - Old Fishing Store (21310),Ideas,<p>Build your own Old Fishing Store. This high-quality compatible building block set offers an engaging building experience and makes a perfect display piece for fans and collectors.</p>,5999.0,,21310,,,,,18,95030030,0.5,https://cdn.shopify.com/s/files/1/0770/2904/8469/files/21310_e7991932-a9c4-40db-b7ab-85dfba1080a0.jpg?v=1772102458,,
Compatible - NASA Space Shuttle Discovery (10283),Icons,<p>Build your own NASA Space Shuttle Discovery. This high-quality compatible building block set offers an engaging building experience and makes a perfect display piece for fans and collectors.</p>,5999.0,,10283,,,,,18,95030030,0.5,https://cdn.shopify.com/s/files/1/0770/2904/8469/files/10283_9caf02bc-a13d-4a53-a494-f227b2f009cb.jpg?v=1772102457,,
Compatible - Land Rover Classic Defender 90 (10317),Icons,<p>Build your own Land Rover Classic Defender 90. This high-quality compatible building block set offers an engaging building experience and makes a perfect display piece for fans and collectors.</p>,4999.0,,10317,,,,,18,95030030,0.5,https://cdn.shopify.com/s/files/1/0770/2904/8469/files/10317_0ccde562-af11-421e-835a-f4c6a81ea37c.jpg?v=1772102456,,
Compatible - Typewriter (21327),Icons,<p>Build your own Typewriter. This high-quality compatible building block set offers an engaging building experience and makes a perfect display piece for fans and collectors.</p>,5999.0,,21327,,,,,18,95030030,0.5,https://cdn.shopify.com/s/files/1/0770/2904/8469/files/21327_eb98e0b5-f10e-41f3-a499-5bb974e6153c.jpg?v=1772102454,,
Compatible - Back to the Future Time Machine (10300),Icons,<p>Build your own Back to the Future Time Machine. This high-quality compatible building block set offers an engaging building experience and makes a perfect display piece for fans and collectors.</p>,5999.0,,10300,,,,,18,95030030,0.5,https://cdn.shopify.com/s/files/1/0770/2904/8469/files/10300_c96137af-4e51-4903-a252-04b2a01614b3.jpg?v=1772102453,,
Compatible - 1989 Batwing (76161),DC,"<p>Build your own 1989 Batwing. This high-quality compatible building block set offers an engaging building experience and makes a perfect display piece for fans and collectors.</p>
<p><strong>Note:</strong> This set does not include the box.</p>",6499.0,,76161,,,,,18,95030030,0.5,https://cdn.shopify.com/s/files/1/0770/2904/8469/files/76161_c784bccb-02f5-43a3-8e48-91c525f5ac0a.jpg?v=1772102452,,
Compatible - Concorde (10318),Icons,<p>Build your own Concorde. This high-quality compatible building block set offers an engaging building experience and makes a perfect display piece for fans and collectors.</p>,5999.0,,10318,,,,,18,95030030,0.5,https://cdn.shopify.com/s/files/1/0770/2904/8469/files/10318_c0daf83d-0e28-4c8b-9492-21fab5b7cb50.jpg?v=1772102450,,
Compatible - The Going Merry Pirate Ship (75639),One Piece,<p>Build your own The Going Merry Pirate Ship. This high-quality compatible building block set offers an engaging building experience and makes a perfect display piece for fans and collectors.</p>,4999.0,,75639,,,,,18,95030030,0.5,https://cdn.shopify.com/s/files/1/0770/2904/8469/files/75639_e83ab1cb-9850-4f47-b1b4-c06965c4ff6e.jpg?v=1772102451,,
Compatible - Porsche 911 GT3 R REXY AO Racing Car (42224),Technic,<p>Build your own Porsche 911 GT3 R REXY AO Racing Car. This high-quality compatible building block set offers an engaging building experience and makes a perfect display piece for fans and collectors.</p>,4999.0,,42224,,,,,18,95030030,0.5,https://cdn.shopify.com/s/files/1/0770/2904/8469/files/42224_ad3ae329-4892-44b3-9686-2db140092eaf.jpg?v=1772102449,,
Compatible - 2 Fast 2 Furious Nissan Skyline GT-R (R34) Car (42210),Technic,<p>Build your own 2 Fast 2 Furious Nissan Skyline GT-R (R34) Car. This high-quality compatible building block set offers an engaging building experience and makes a perfect display piece for fans and collectors.</p>,4999.0,,42210,,,,,18,95030030,0.5,https://cdn.shopify.com/s/files/1/0770/2904/8469/files/42210_151c722e-9e65-4fb3-a109-dd45622e827b.jpg?v=1772102447,,
Compatible - Mercedes-Benz G 500 PROFESSIONAL Line (42177),Technic,<p>Build your own Mercedes-Benz G 500 PROFESSIONAL Line. This high-quality compatible building block set offers an engaging building experience and makes a perfect display piece for fans and collectors.</p>,5499.0,,42177,,,,,18,95030030,0.5,https://cdn.shopify.com/s/files/1/0770/2904/8469/files/42177_cd632165-93ad-48ee-9a18-7e698cd2a002.jpg?v=1772102447,,
Compatible - Land Rover Defender (42110),Technic,<p>Build your own Land Rover Defender. This high-quality compatible building block set offers an engaging building experience and makes a perfect display piece for fans and collectors.</p>,5499.0,,42110,,,,,18,95030030,0.5,https://cdn.shopify.com/s/files/1/0770/2904/8469/files/42110_7c99de1d-4a67-417f-9ffe-e45ca97cd2d9.jpg?v=1772102445,,
Compatible - PEUGEOT 9X8 24H Le Mans Hybrid Hypercar (42156),Technic,<p>Build your own PEUGEOT 9X8 24H Le Mans Hybrid Hypercar. This high-quality compatible building block set offers an engaging building experience and makes a perfect display piece for fans and collectors.</p>,5499.0,,42156,,,,,18,95030030,0.5,https://cdn.shopify.com/s/files/1/0770/2904/8469/files/42156_b59e36c5-b064-43cd-9722-6ac895a6f9d7.jpg?v=1772102443,,
Compatible - Mario Kart - Mario & Standard Kart (72037),Super Mario,<p>Build your own Mario Kart - Mario &amp; Standard Kart. This high-quality compatible building block set offers an engaging building experience and makes a perfect display piece for fans and collectors.</p>,5299.0,,72037,,,,,18,95030030,0.5,https://cdn.shopify.com/s/files/1/0770/2904/8469/files/72037_67ad41ef-69f5-4219-b0fb-479901da3f95.jpg?v=1772102442,,
Compatible - R2-D2 UCS (75308),Star Wars,<p>Build your own R2-D2 UCS. This high-quality compatible building block set offers an engaging building experience and makes a perfect display piece for fans and collectors.</p>,5499.0,,75308,,,,,18,95030030,0.5,https://cdn.shopify.com/s/files/1/0770/2904/8469/files/75308_d2249aa0-444f-41d6-95d1-6484748e8451.jpg?v=1772102441,,
Compatible - Spider-Man vs. Oscorp (76324),Marvel,<p>Build your own Spider-Man vs. Oscorp. This high-quality compatible building block set offers an engaging building experience and makes a perfect display piece for fans and collectors.</p>,4999.0,,76324,,,,,18,95030030,0.5,https://cdn.shopify.com/s/files/1/0770/2904/8469/files/76324_573da8a5-16be-4473-aa1d-f33e4016f0bc.jpg?v=1772102440,,
Compatible - Sherlock Holmes Book Nook (10351),Icons,<p>Build your own Sherlock Holmes Book Nook. This high-quality compatible building block set offers an engaging building experience and makes a perfect display piece for fans and collectors.</p>,4999.0,,10351,,,,,18,95030030,0.5,https://cdn.shopify.com/s/files/1/0770/2904/8469/files/10351_ae0f5fff-a4be-4cfa-a193-b46d9dd611ff.jpg?v=1772102439,,
Compatible - The Rolling Stones (31206),Art,<p>Build your own The Rolling Stones. This high-quality compatible building block set offers an engaging building experience and makes a perfect display piece for fans and collectors.</p>,5499.0,,31206,,,,,18,95030030,0.5,https://cdn.shopify.com/s/files/1/0770/2904/8469/files/31206_a0854982-2ff5-4e86-b36d-8c3ce6a220a6.jpg?v=1772102439,,
Compatible - Keith Haring - Dancing Figures (31216),Art,<p>Build your own Keith Haring - Dancing Figures. This high-quality compatible building block set offers an engaging building experience and makes a perfect display piece for fans and collectors.</p>,5499.0,,31216,,,,,18,95030030,0.5,https://cdn.shopify.com/s/files/1/0770/2904/8469/files/31216_5b446089-e0a8-4039-bdce-cea93805a599.jpg?v=1772102437,,
Compatible - Millennium Falcon (75105),Star Wars,<p>Build your own Millennium Falcon. This high-quality compatible building block set offers an engaging building experience and makes a perfect display piece for fans and collectors.</p>,4999.0,,75105,,,,,18,95030030,0.5,https://cdn.shopify.com/s/files/1/0770/2904/8469/files/75105_9adf3d1e-3a0d-40cf-8aac-4c9371bfb0e1.jpg?v=1772102436,,
Compatible - VTOL Heavy Cargo Spaceship LT81 (42181),Technic,<p>Build your own VTOL Heavy Cargo Spaceship LT81. This high-quality compatible building block set offers an engaging building experience and makes a perfect display piece for fans and collectors.</p>,4499.0,,42181,,,,,18,95030030,0.5,https://cdn.shopify.com/s/files/1/0770/2904/8469/files/42181_4f3559f4-e18e-4ba5-baf9-3147373ec414.jpg?v=1772102435,,
Compatible - Super Mario World: Mario & Yoshi (71438),Super Mario,<p>Build your own Super Mario World: Mario &amp; Yoshi. This high-quality compatible building block set offers an engaging building experience and makes a perfect display piece for fans and collectors.</p>,4499.0,,71438,,,,,18,95030030,0.5,https://cdn.shopify.com/s/files/1/0770/2904/8469/files/71438_1b51ff31-9db3-4dd6-8c1c-49ce93804e17.jpg?v=1772102433,,
Compatible - Jaws (21350),Ideas,<p>Build your own Jaws. This high-quality compatible building block set offers an engaging building experience and makes a perfect display piece for fans and collectors.</p>,4499.0,,21350,,,,,18,95030030,0.5,https://cdn.shopify.com/s/files/1/0770/2904/8469/files/21350_e0e865ca-f4e4-4a02-aa54-d20b449e548f.jpg?v=1772102430,,
Compatible - London Telephone (21347),Ideas,<p>Build your own London Telephone. This high-quality compatible building block set offers an engaging building experience and makes a perfect display piece for fans and collectors.</p>,4499.0,,21347,,,,,18,95030030,0.5,https://cdn.shopify.com/s/files/1/0770/2904/8469/files/21347_c11090f1-93a2-4499-a4d7-902e9e1792b8.jpg?v=1772102430,,
Compatible - Attack on the Burrow (75980),Harry Potter,<p>Build your own Attack on the Burrow. This high-quality compatible building block set offers an engaging building experience and makes a perfect display piece for fans and collectors.</p>,4499.0,,75980,,,,,18,95030030,0.5,https://cdn.shopify.com/s/files/1/0770/2904/8469/files/75980_150077f0-fbd9-4a58-ad02-f9aaa29178e6.jpg?v=1772102428,,
Compatible - BD-1 (75335),Star Wars,<p>Build your own BD-1. This high-quality compatible building block set offers an engaging building experience and makes a perfect display piece for fans and collectors.</p>,3999.0,,75335,,,,,18,95030030,0.5,https://cdn.shopify.com/s/files/1/0770/2904/8469/files/75335_6ae72b2b-1d03-4969-97d8-81ee4877622a.jpg?v=1772102427,,
Compatible - Ferrari 488 GTE AF Corse 51 (42125),Technic,<p>Build your own Ferrari 488 GTE AF Corse 51. This high-quality compatible building block set offers an engaging building experience and makes a perfect display piece for fans and collectors.</p>,3799.0,,42125,,,,,18,95030030,0.5,https://cdn.shopify.com/s/files/1/0770/2904/8469/files/42125_3c71d414-5a3d-4d8c-a787-5ec143285e27.jpg?v=1772102426,,
Compatible - Mercedes-AMG F1 W14 E Performance (42171),Technic,<p>Build your own Mercedes-AMG F1 W14 E Performance. This high-quality compatible building block set offers an engaging building experience and makes a perfect display piece for fans and collectors.</p>,3799.0,,42171,,,,,18,95030030,0.5,https://cdn.shopify.com/s/files/1/0770/2904/8469/files/42171_7c4f67bb-bae0-49a6-a48e-9167c355bfdf.jpg?v=1772102425,,
Compatible - Oracle Red Bull Racing RB20 F1 Car (42206),Technic,<p>Build your own Oracle Red Bull Racing RB20 F1 Car. This high-quality compatible building block set offers an engaging building experience and makes a perfect display piece for fans and collectors.</p>,3899.0,,42206,,,,,18,95030030,0.5,https://cdn.shopify.com/s/files/1/0770/2904/8469/files/42206_b0764042-d8e7-4743-ab55-1516057b16a2.jpg?v=1772102424,,
Compatible - Porsche 911 RSR (42096),Technic,<p>Build your own Porsche 911 RSR. This high-quality compatible building block set offers an engaging building experience and makes a perfect display piece for fans and collectors.</p>,3799.0,,42096,,,,,18,95030030,0.5,https://cdn.shopify.com/s/files/1/0770/2904/8469/files/42096_021f04e1-24e2-4a15-bb95-0983e63665e8.jpg?v=1772102422,,
Compatible - C-3PO (75398),Star Wars,<p>Build your own C-3PO. This high-quality compatible building block set offers an engaging building experience and makes a perfect display piece for fans and collectors.</p>,3999.0,,75398,,,,,18,95030030,0.5,https://cdn.shopify.com/s/files/1/0770/2904/8469/files/75398_9977260b-e65f-4f44-a5fb-e8303821f7ef.jpg?v=1772102421,,
Compatible - The Razor Crest - Small (75292),Star Wars,<p>Build your own The Razor Crest - Small. This high-quality compatible building block set offers an engaging building experience and makes a perfect display piece for fans and collectors.</p>,4999.0,,75292,,,,,18,95030030,0.5,https://cdn.shopify.com/s/files/1/0770/2904/8469/files/75292_9519f973-792d-47bb-99ef-0a4ffbdcb205.jpg?v=1772102420,,
Compatible - Four Weapons Blacksmith 15th Anniversary (71858),Ninjago,<p>Build your own Four Weapons Blacksmith 15th Anniversary. This high-quality compatible building block set offers an engaging building experience and makes a perfect display piece for fans and collectors.</p>,4999.0,,71858,,,,,18,95030030,0.5,https://cdn.shopify.com/s/files/1/0770/2904/8469/files/71858_716d8f48-1867-4612-84fd-6827f6af5301.jpg?v=1772102419,,
Compatible - Friends - Central Perk Cafe (21319),Ideas,<p>Build your own Friends - Central Perk Cafe. This high-quality compatible building block set offers an engaging building experience and makes a perfect display piece for fans and collectors.</p>,3499.0,,21319,,,,,18,95030030,0.5,https://cdn.shopify.com/s/files/1/0770/2904/8469/files/21319_14cc3b90-72d2-4c1e-a48b-96776ece7ace.jpg?v=1772102418,,
Compatible - The Big Bang Theory (21302),Ideas,<p>Build your own The Big Bang Theory. This high-quality compatible building block set offers an engaging building experience and makes a perfect display piece for fans and collectors.</p>,3499.0,,21302,,,,,18,95030030,0.5,https://cdn.shopify.com/s/files/1/0770/2904/8469/files/21302_7adc5780-6b22-49c5-8293-16f2b8cab513.jpg?v=1772102417,,
Compatible - Dune Atreides Royal Ornithopter (10327),Icons,<p>Build your own Dune Atreides Royal Ornithopter. This high-quality compatible building block set offers an engaging building experience and makes a perfect display piece for fans and collectors.</p>,3499.0,,10327,,,,,18,95030030,0.5,https://cdn.shopify.com/s/files/1/0770/2904/8469/files/10327_fce05294-393e-4d75-8763-af247171bbc1.jpg?v=1772102415,,
Compatible - Shelby Cobra 427 S/C (10357),Icons,<p>Build your own Shelby Cobra 427 S/C. This high-quality compatible building block set offers an engaging building experience and makes a perfect display piece for fans and collectors.</p>,3999.0,,10357,,,,,18,95030030,0.5,https://cdn.shopify.com/s/files/1/0770/2904/8469/files/10357_08b5adff-702f-443f-a926-e102e18b13c6.jpg?v=1772102414,,
Compatible - Vespa 125 (10298),Icons,<p>Build your own Vespa 125. This high-quality compatible building block set offers an engaging building experience and makes a perfect display piece for fans and collectors.</p>,3999.0,,10298,,,,,18,95030030,0.5,https://cdn.shopify.com/s/files/1/0770/2904/8469/files/10298_8bb76bfb-6690-4653-be22-483d824bb9d4.jpg?v=1772102412,,
Compatible - Harry Potter & Hermione Granger (76393),Harry Potter,<p>Build your own Harry Potter &amp; Hermione Granger. This high-quality compatible building block set offers an engaging building experience and makes a perfect display piece for fans and collectors.</p>,4299.0,,76393,,,,,18,95030030,0.5,https://cdn.shopify.com/s/files/1/0770/2904/8469/files/76393_514c9391-e654-4d5f-af65-9436e1497fec.jpg?v=1772102412,,
Compatible - Young Simba the Lion King (43247),Disney,<p>Build your own Young Simba the Lion King. This high-quality compatible building block set offers an engaging building experience and makes a perfect display piece for fans and collectors.</p>,3999.0,,43247,,,,,18,95030030,0.5,https://cdn.shopify.com/s/files/1/0770/2904/8469/files/43247_25f60888-d5eb-4f22-85ef-f1928338788c.jpg?v=1772102410,,
Compatible - Batman Pixel Art (31205),DC,<p>Build your own Batman Pixel Art. This high-quality compatible building block set offers an engaging building experience and makes a perfect display piece for fans and collectors.</p>,3999.0,,31205,,,,,18,95030030,0.5,https://cdn.shopify.com/s/files/1/0770/2904/8469/files/31205_c946c4f6-75bc-41d2-80cd-9e80a0b1ec70.jpg?v=1772102410,,
Compatible - Optimus Prime (10302),Creator,<p>Build your own Optimus Prime. This high-quality compatible building block set offers an engaging building experience and makes a perfect display piece for fans and collectors.</p>,3799.0,,10302,,,,,18,95030030,0.5,https://cdn.shopify.com/s/files/1/0770/2904/8469/files/10302_2f8133df-6b8f-4e87-ae3b-8096f6776a7e.jpg?v=1772102408,,
Compatible - BMW M 1000 RR (42130),Technic,<p>Build your own BMW M 1000 RR. This high-quality compatible building block set offers an engaging building experience and makes a perfect display piece for fans and collectors.</p>,3699.0,,42130,,,,,18,95030030,0.5,https://cdn.shopify.com/s/files/1/0770/2904/8469/files/42130_78a31ec5-743e-455c-a78c-fb5f784b51e1.jpg?v=1772102407,,
Compatible - Ferrari SF-24 F1 Car (42207),Technic,<p>Build your own Ferrari SF-24 F1 Car. This high-quality compatible building block set offers an engaging building experience and makes a perfect display piece for fans and collectors.</p>,3799.0,,42207,,,,,18,95030030,0.5,https://cdn.shopify.com/s/files/1/0770/2904/8469/files/42207_0319f117-fe9a-445c-9d92-a41745625cb7.jpg?v=1772102407,,
Compatible - Ducati Panigale V4 S Motorcycle (42202),Technic,<p>Build your own Ducati Panigale V4 S Motorcycle. This high-quality compatible building block set offers an engaging building experience and makes a perfect display piece for fans and collectors.</p>,3499.0,,42202,,,,,18,95030030,0.5,https://cdn.shopify.com/s/files/1/0770/2904/8469/files/42202_3db5bbdf-3d9e-4027-9eaf-ecf09ad199b1.jpg?v=1772102405,,
Compatible - McLaren Formula 1 Race Car (42141),Technic,<p>Build your own McLaren Formula 1 Race Car. This high-quality compatible building block set offers an engaging building experience and makes a perfect display piece for fans and collectors.</p>,3199.0,,42141,,,,,18,95030030,0.5,https://cdn.shopify.com/s/files/1/0770/2904/8469/files/42141_50c35e16-1a75-469e-86bc-b75d914b60c3.jpg?v=1772102403,,
Compatible - Ford F-150 Raptor (42126),Technic,<p>Build your own Ford F-150 Raptor. This high-quality compatible building block set offers an engaging building experience and makes a perfect display piece for fans and collectors.</p>,2999.0,,42126,,,,,18,95030030,0.5,https://cdn.shopify.com/s/files/1/0770/2904/8469/files/42126_2397caa6-0c7f-49bf-bdf0-0cd52a025488.jpg?v=1772102403,,
Compatible - Doms Dodge Charger (42111),Technic,<p>Build your own Doms Dodge Charger. This high-quality compatible building block set offers an engaging building experience and makes a perfect display piece for fans and collectors.</p>,3499.0,,42111,,,,,18,95030030,0.5,https://cdn.shopify.com/s/files/1/0770/2904/8469/files/42111_88de2586-bcb8-4979-a153-1a752c289ece.jpg?v=1772102401,,
Compatible - R2-D2 (75379),Star Wars,<p>Build your own R2-D2. This high-quality compatible building block set offers an engaging building experience and makes a perfect display piece for fans and collectors.</p>,3499.0,,75379,,,,,18,95030030,0.5,https://cdn.shopify.com/s/files/1/0770/2904/8469/files/75379_dcee1376-4089-4240-b6a8-72a09d51bf32.jpg?v=1772102400,,
Compatible - Nike Dunk (43008),Nike,<p>Build your own Nike Dunk. This high-quality compatible building block set offers an engaging building experience and makes a perfect display piece for fans and collectors.</p>,2999.0,,43008,,,,,18,95030030,0.5,https://cdn.shopify.com/s/files/1/0770/2904/8469/files/43008_e1e31d4d-56cc-4853-aa3d-2e0e1bd6d97c.jpg?v=1772102398,,
Compatible - Chevrolet Camaro Z28 (10304),Icons,<p>Build your own Chevrolet Camaro Z28. This high-quality compatible building block set offers an engaging building experience and makes a perfect display piece for fans and collectors.</p>,3899.0,,10304,,,,,18,95030030,0.5,https://cdn.shopify.com/s/files/1/0770/2904/8469/files/10304_e1b324e0-c4ce-40db-860c-ac0767a99a26.jpg?v=1772102397,,
Compatible - Bonsai Tree (10281),Icons,<p>Build your own Bonsai Tree. This high-quality compatible building block set offers an engaging building experience and makes a perfect display piece for fans and collectors.</p>,3499.0,,10281,,,,,18,95030030,0.5,https://cdn.shopify.com/s/files/1/0770/2904/8469/files/10281_bf87425e-2186-4393-a45d-a1fe0a9af4ba.jpg?v=1772102396,,
Compatible - Black Pearl (4184),Icons,<p>Build your own Black Pearl. This high-quality compatible building block set offers an engaging building experience and makes a perfect display piece for fans and collectors.</p>,3499.0,,4184,,,,,18,95030030,0.5,https://cdn.shopify.com/s/files/1/0770/2904/8469/files/4184_c4a5790c-c001-4177-9959-10db6f27ee75.jpg?v=1772102395,,
Compatible - James Bond Aston Martin DB5 (10262),Icons,<p>Build your own James Bond Aston Martin DB5. This high-quality compatible building block set offers an engaging building experience and makes a perfect display piece for fans and collectors.</p>,3499.0,,10262,,,,,18,95030030,0.5,https://cdn.shopify.com/s/files/1/0770/2904/8469/files/10262_211ab08a-f7d2-4fae-9834-f9b112485695.jpg?v=1772102394,,
Compatible - AT-AT Driver Helmet (75429),Star Wars,<p>Build your own AT-AT Driver Helmet. This high-quality compatible building block set offers an engaging building experience and makes a perfect display piece for fans and collectors.</p>,3299.0,,75429,,,,,18,95030030,0.5,https://cdn.shopify.com/s/files/1/0770/2904/8469/files/75429_c6fef354-3770-43c1-869b-0515d783504a.jpg?v=1772102393,,
Compatible - Up-Scaled Santa (40820),Others,<p>Build your own Up-Scaled Santa. This high-quality compatible building block set offers an engaging building experience and makes a perfect display piece for fans and collectors.</p>,3299.0,,40820,,,,,18,95030030,0.5,https://cdn.shopify.com/s/files/1/0770/2904/8469/files/40820_49741dd4-2570-4ca2-a117-c25f8126d733.jpg?v=1772102392,,
Compatible - Porsche 911 (10295),Icons,<p>Build your own Porsche 911. This high-quality compatible building block set offers an engaging building experience and makes a perfect display piece for fans and collectors.</p>,3299.0,,10295,,,,,18,95030030,0.5,https://cdn.shopify.com/s/files/1/0770/2904/8469/files/10295_f1ab2d17-0d25-4e38-8ed1-b0587c02ad0d.jpg?v=1772102391,,
Compatible - WALL-E and EVE (43279),Disney,<p>Build your own WALL-E and EVE. This high-quality compatible building block set offers an engaging building experience and makes a perfect display piece for fans and collectors.</p>,3299.0,,43279,,,,,18,95030030,0.5,https://cdn.shopify.com/s/files/1/0770/2904/8469/files/43279_bb29d0c3-a023-4c78-ad68-271389a3f354.jpg?v=1772102389,,
Compatible - Ferrari F40 (10248),Creator,<p>Build your own Ferrari F40. This high-quality compatible building block set offers an engaging building experience and makes a perfect display piece for fans and collectors.</p>,3199.0,,10248,,,,,18,95030030,0.5,https://cdn.shopify.com/s/files/1/0770/2904/8469/files/10248_4b96c803-bf0e-4863-bfb8-278b86150f86.jpg?v=1772102388,,
Compatible - Millennium Falcon - Small (75375),Star Wars,<p>Build your own Millennium Falcon - Small. This high-quality compatible building block set offers an engaging building experience and makes a perfect display piece for fans and collectors.</p>,3199.0,,75375,,,,,18,95030030,0.5,https://cdn.shopify.com/s/files/1/0770/2904/8469/files/75375_b127a4e9-1a6b-4249-97e0-6b08a365acd0.jpg?v=1772102387,,
Compatible - Stormtrooper Helmet (75276),Star Wars,<p>Build your own Stormtrooper Helmet. This high-quality compatible building block set offers an engaging building experience and makes a perfect display piece for fans and collectors.</p>,2999.0,,75276,,,,,18,95030030,0.5,https://cdn.shopify.com/s/files/1/0770/2904/8469/files/75276_1566d85a-621e-4f14-afdd-e8f7da632fc0.jpg?v=1772102386,,
Compatible - Darth Vader Helmet (75304),Star Wars,<p>Build your own Darth Vader Helmet. This high-quality compatible building block set offers an engaging building experience and makes a perfect display piece for fans and collectors.</p>,2999.0,,75304,,,,,18,95030030,0.5,https://cdn.shopify.com/s/files/1/0770/2904/8469/files/75304_67fe3c1d-8e61-4243-8f7c-2b917ddd1514.jpg?v=1772102385,,
Compatible - Republic Juggernaut (75413),Star Wars,<p>Build your own Republic Juggernaut. This high-quality compatible building block set offers an engaging building experience and makes a perfect display piece for fans and collectors.</p>,2999.0,,75413,,,,,18,95030030,0.5,https://cdn.shopify.com/s/files/1/0770/2904/8469/files/75413_13f859ad-6eb6-483f-857f-3759dd02d41f.jpg?v=1772102384,,
Compatible - Luke Skywalker (Red Five) Helmet (75327),Star Wars,<p>Build your own Luke Skywalker (Red Five) Helmet. This high-quality compatible building block set offers an engaging building experience and makes a perfect display piece for fans and collectors.</p>,2999.0,,75327,,,,,18,95030030,0.5,https://cdn.shopify.com/s/files/1/0770/2904/8469/files/75327_bf8f23dc-3049-4c68-af48-bc465849c417.jpg?v=1772102382,,
Compatible - Princess Leia (Boushh) Helmet (75351),Star Wars,<p>Build your own Princess Leia (Boushh) Helmet. This high-quality compatible building block set offers an engaging building experience and makes a perfect display piece for fans and collectors.</p>,2999.0,,75351,,,,,18,95030030,0.5,https://cdn.shopify.com/s/files/1/0770/2904/8469/files/75351_af95c33c-6fe3-4dd8-813f-0ca196f7afce.jpg?v=1772102381,,
Compatible - Boba Fett Helmet (75277),Star Wars,<p>Build your own Boba Fett Helmet. This high-quality compatible building block set offers an engaging building experience and makes a perfect display piece for fans and collectors.</p>,2999.0,,75277,,,,,18,95030030,0.5,https://cdn.shopify.com/s/files/1/0770/2904/8469/files/75277_90577271-e084-41b8-b5a3-acd59e2877c3.jpg?v=1772102380,,
Compatible - Jango Fett Helmet (75408),Star Wars,<p>Build your own Jango Fett Helmet. This high-quality compatible building block set offers an engaging building experience and makes a perfect display piece for fans and collectors.</p>,2999.0,,75408,,,,,18,95030030,0.5,https://cdn.shopify.com/s/files/1/0770/2904/8469/files/75408_10943609-9a96-425d-b109-147a629a0931.jpg?v=1772102379,,
Compatible - Lloyds Golden Ultra Dragon (71774),Ninjago,<p>Build your own Lloyds Golden Ultra Dragon. This high-quality compatible building block set offers an engaging building experience and makes a perfect display piece for fans and collectors.</p>,2999.0,,71774,,,,,18,95030030,0.5,https://cdn.shopify.com/s/files/1/0770/2904/8469/files/71774_175aa5aa-ec8b-4004-a40c-7ee40fc4b17f.jpg?v=1772102378,,
Compatible - Zanes Titan Mech Battle (71738),Ninjago,<p>Build your own Zanes Titan Mech Battle. This high-quality compatible building block set offers an engaging building experience and makes a perfect display piece for fans and collectors.</p>,2999.0,,71738,,,,,18,95030030,0.5,https://cdn.shopify.com/s/files/1/0770/2904/8469/files/71738_dff10ec6-32e8-44ae-bd5a-8d0dc81f3bd8.jpg?v=1772102377,,
Compatible - Empire Temple of Madness (71712),Ninjago,<p>Build your own Empire Temple of Madness. This high-quality compatible building block set offers an engaging building experience and makes a perfect display piece for fans and collectors.</p>,2999.0,,71712,,,,,18,95030030,0.5,https://cdn.shopify.com/s/files/1/0770/2904/8469/files/71712_b1e9fa43-c275-4233-8480-dc87d0d8d350.jpg?v=1772102376,,
Compatible - Spider-Man Final Battle (76261),Marvel,<p>Build your own Spider-Man Final Battle. This high-quality compatible building block set offers an engaging building experience and makes a perfect display piece for fans and collectors.</p>,2999.0,,76261,,,,,18,95030030,0.5,https://cdn.shopify.com/s/files/1/0770/2904/8469/files/76261_48b95dfe-1a82-48c9-80d1-5f2daba3382a.jpg?v=1772102374,,
Compatible - Endgame Final Battle (76266),Marvel,<p>Build your own Endgame Final Battle. This high-quality compatible building block set offers an engaging building experience and makes a perfect display piece for fans and collectors.</p>,2999.0,,76266,,,,,18,95030030,0.5,https://cdn.shopify.com/s/files/1/0770/2904/8469/files/76266_46d73026-2e22-40b2-8036-4abcc7171b33.jpg?v=1772102373,,
Compatible - International Space Station (ISS) (21321),Ideas,<p>Build your own International Space Station (ISS). This high-quality compatible building block set offers an engaging building experience and makes a perfect display piece for fans and collectors.</p>,2999.0,,21321,,,,,18,95030030,0.5,https://cdn.shopify.com/s/files/1/0770/2904/8469/files/21321_ccd7e1c6-e122-4988-8859-05de8caf3ef0.jpg?v=1772102372,,
Compatible - Williams Racing FW14B & Nigel Mansell (10353),Icons,<p>Build your own Williams Racing FW14B &amp; Nigel Mansell. This high-quality compatible building block set offers an engaging building experience and makes a perfect display piece for fans and collectors.</p>,2999.0,,10353,,,,,18,95030030,0.5,https://cdn.shopify.com/s/files/1/0770/2904/8469/files/10353_9d937d18-f775-49bd-a950-b9149fc6120f.jpg?v=1772102371,,
Compatible - How to Train Your Dragon - Toothless (10375),Icons,<p>Build your own How to Train Your Dragon - Toothless. This high-quality compatible building block set offers an engaging building experience and makes a perfect display piece for fans and collectors.</p>,2999.0,,10375,,,,,18,95030030,0.5,https://cdn.shopify.com/s/files/1/0770/2904/8469/files/10375_ac410c29-6259-46da-a645-5e771e142218.jpg?v=1772102369,,
Compatible - The Mandalorian Helmet (75328),Star Wars,<p>Build your own The Mandalorian Helmet. This high-quality compatible building block set offers an engaging building experience and makes a perfect display piece for fans and collectors.</p>,2899.0,,75328,,,,,18,95030030,0.5,https://cdn.shopify.com/s/files/1/0770/2904/8469/files/75328_f6685100-b410-4749-971e-0cd0b9ac119f.jpg?v=1772102369,,
Compatible - Kylo Ren Helmet (75415),Star Wars,<p>Build your own Kylo Ren Helmet. This high-quality compatible building block set offers an engaging building experience and makes a perfect display piece for fans and collectors.</p>,2899.0,,75415,,,,,18,95030030,0.5,https://cdn.shopify.com/s/files/1/0770/2904/8469/files/75415_64eea21c-e0ed-46ed-b2db-883e0a04ceee.jpg?v=1772102367,,
Compatible - McLaren MP4/4 & Ayrton Senna (10330),Icons,<p>Build your own McLaren MP4/4 &amp; Ayrton Senna. This high-quality compatible building block set offers an engaging building experience and makes a perfect display piece for fans and collectors.</p>,2799.0,,10330,,,,,18,95030030,0.5,https://cdn.shopify.com/s/files/1/0770/2904/8469/files/10330_71dc276b-a916-4bad-8b9a-90765973b1fe.jpg?v=1772102366,,
Compatible - McLaren Senna GTR (42123),Technic,<p>Build your own McLaren Senna GTR. This high-quality compatible building block set offers an engaging building experience and makes a perfect display piece for fans and collectors.</p>,2699.0,,42123,,,,,18,95030030,0.5,https://cdn.shopify.com/s/files/1/0770/2904/8469/files/42123_0f1924d6-ccc3-415b-bd77-526d3ef343c8.jpg?v=1772102365,,
Compatible - Auspicious Dragon (80112),Others,<p>Build your own Auspicious Dragon. This high-quality compatible building block set offers an engaging building experience and makes a perfect display piece for fans and collectors.</p>,2999.0,,80112,,,,,18,95030030,0.5,https://cdn.shopify.com/s/files/1/0770/2904/8469/files/80112_16f2d8ce-c276-4ab8-a05d-0b9afdaeab21.jpg?v=1772102364,,
Compatible - Bouquet of Roses (10328),Botanicals,<p>Build your own Bouquet of Roses. This high-quality compatible building block set offers an engaging building experience and makes a perfect display piece for fans and collectors.</p>,2699.0,,10328,,,,,18,95030030,0.5,https://cdn.shopify.com/s/files/1/0770/2904/8469/files/10328_d4d66fff-885b-4b83-acc8-9a1ef66701df.jpg?v=1772102363,,
Compatible - Scout Trooper Helmet (75305),Star Wars,<p>Build your own Scout Trooper Helmet. This high-quality compatible building block set offers an engaging building experience and makes a perfect display piece for fans and collectors.</p>,2499.0,,75305,,,,,18,95030030,0.5,https://cdn.shopify.com/s/files/1/0770/2904/8469/files/75305_54d6cf8b-2302-4002-ab6f-5beed7982552.jpg?v=1772102361,,
Compatible - The Avengers Quinjet (76248),Marvel,<p>Build your own The Avengers Quinjet. This high-quality compatible building block set offers an engaging building experience and makes a perfect display piece for fans and collectors.</p>,2499.0,,76248,,,,,18,95030030,0.5,https://cdn.shopify.com/s/files/1/0770/2904/8469/files/76248_bc7318f6-d1e3-45a4-8d10-3b62eb8ff6c2.jpg?v=1772102360,,
Compatible - Stitch (43249),Disney,<p>Build your own Stitch. This high-quality compatible building block set offers an engaging building experience and makes a perfect display piece for fans and collectors.</p>,2499.0,,43249,,,,,18,95030030,0.5,https://cdn.shopify.com/s/files/1/0770/2904/8469/files/43249_4ab56608-6730-4de3-9892-42167d221834.jpg?v=1772102359,,
Compatible - Succulents (10309),Creator,<p>Build your own Succulents. This high-quality compatible building block set offers an engaging building experience and makes a perfect display piece for fans and collectors.</p>,2499.0,,10309,,,,,18,95030030,0.5,https://cdn.shopify.com/s/files/1/0770/2904/8469/files/10309_08e75e53-de7c-4165-b940-72dacf545690.jpg?v=1772102358,,
Compatible - Flower Bouquet (10280),Botanicals,<p>Build your own Flower Bouquet. This high-quality compatible building block set offers an engaging building experience and makes a perfect display piece for fans and collectors.</p>,2499.0,,10280,,,,,18,95030030,0.5,https://cdn.shopify.com/s/files/1/0770/2904/8469/files/10280_23268f62-24f9-4855-bbe2-9a94b71b0550.jpg?v=1772102357,,
Compatible - The Lord of the Rings: Fell Beast (40693),The Lord of the Rings,<p>Build your own The Lord of the Rings: Fell Beast. This high-quality compatible building block set offers an engaging building experience and makes a perfect display piece for fans and collectors.</p>,2299.0,,40693,,,,,18,95030030,0.5,https://cdn.shopify.com/s/files/1/0770/2904/8469/files/40693_0df6ff37-893c-4092-8c12-8fbda918d27f.jpg?v=1772102355,,
Compatible - Batman Cowl (76182),DC,<p>Build your own Batman Cowl. This high-quality compatible building block set offers an engaging building experience and makes a perfect display piece for fans and collectors.</p>,2199.0,,76182,,,,,18,95030030,0.5,https://cdn.shopify.com/s/files/1/0770/2904/8469/files/76182_3bf32239-a128-426c-a80a-1bc6b74bc79c.jpg?v=1772102354,,
Compatible - Game Boy (72046),Super Mario,<p>Build your own Game Boy. This high-quality compatible building block set offers an engaging building experience and makes a perfect display piece for fans and collectors.</p>,1999.0,,72046,,,,,18,95030030,0.5,https://cdn.shopify.com/s/files/1/0770/2904/8469/files/72046_fff16d63-f675-4088-a20e-e17e2605585e.jpg?v=1772102354,,
Compatible - Polaroid OneStep SX-70 Camera (21345),Ideas,<p>Build your own Polaroid OneStep SX-70 Camera. This high-quality compatible building block set offers an engaging building experience and makes a perfect display piece for fans and collectors.</p>,1999.0,,21345,,,,,18,95030030,0.5,https://cdn.shopify.com/s/files/1/0770/2904/8469/files/21345_f6d0e16d-ba75-49e4-8abc-d8220164057e.jpg?v=1772102352,,
Compatible - Avengers: Endgame Final Battle (76323),Marvel,<p>Build your own Avengers: Endgame Final Battle. This high-quality compatible building block set offers an engaging building experience and makes a perfect display piece for fans and collectors.</p>,1999.0,,76323,,,,,18,95030030,0.5,https://cdn.shopify.com/s/files/1/0770/2904/8469/files/76323_cfdf24d4-f08f-472e-8cb3-d0a8bbcd23e6.jpg?v=1772102351,,
Compatible - I am Groot (76217),Marvel,<p>Build your own I am Groot. This high-quality compatible building block set offers an engaging building experience and makes a perfect display piece for fans and collectors.</p>,1999.0,,76217,,,,,18,95030030,0.5,https://cdn.shopify.com/s/files/1/0770/2904/8469/files/76217_c984d74f-f3ed-49b2-9e47-a3efefa2bad8.jpg?v=1772102350,,
Compatible - Up House (43217),Disney,<p>Build your own Up House. This high-quality compatible building block set offers an engaging building experience and makes a perfect display piece for fans and collectors.</p>,1999.0,,43217,,,,,18,95030030,0.5,https://cdn.shopify.com/s/files/1/0770/2904/8469/files/43217_53b575ca-7ec6-4306-bb7a-b45ba191046a.jpg?v=1772102348,,
Compatible - Hagrid & Harrys Motorcycle Ride (76443),Harry Potter,<p>Build your own Hagrid &amp; Harrys Motorcycle Ride. This high-quality compatible building block set offers an engaging building experience and makes a perfect display piece for fans and collectors.</p>,1799.0,,76443,,,,,18,95030030,0.5,https://cdn.shopify.com/s/files/1/0770/2904/8469/files/76443_98fdf02a-d0ff-4fcb-b669-444891b088b6.jpg?v=1772102347,,
Compatible - Wall-E (21303),Ideas,<p>Build your own Wall-E. This high-quality compatible building block set offers an engaging building experience and makes a perfect display piece for fans and collectors.</p>,1699.0,,21303,,,,,18,95030030,0.5,https://cdn.shopify.com/s/files/1/0770/2904/8469/files/21303_76129bbb-6172-48ea-9ae8-5b37e2815d9e.jpg?v=1772102346,,
CaDA Barcelona Spotify Camp Nou,CaDA,<p>728 pcs | Status: In Stock</p>,4999.0,,C66023W,,,,,18,95030030,0.5,https://brixarc.com/img/C66023W.jpg,,
CaDA SUZUKI Hayabusa,CaDA,<p>1043 pcs | Status: Pre-Book</p>,4999.0,,C64051W,,,,,18,95030030,0.5,https://brixarc.com/img/C64051W.jpg,,
CaDA Porsche RUF GT 1:10,CaDA,<p>1655 pcs | Status: Pre-Book</p>,6999.0,,C63006W,,,,,18,95030030,0.5,https://brixarc.com/img/C63006W.jpg,,
CaDA Smiling Assassin Sprint 1:10,CaDA,<p>3617 pcs | Status: Pre-Book</p>,10999.0,,C61513,,,,,18,95030030,0.5,https://brixarc.com/img/C61513.jpg,,
CaDA Lotus Cars Exige Cup 430,CaDA,<p>3730 pcs | Status: Pre-Book</p>,10999.0,,C61511,,,,,18,95030030,0.5,https://brixarc.com/img/C61511.jpg,,
CaDA Lamborghini Centenario 1:8,CaDA,<p>3789 pcs | Status: Pre-Book</p>,10999.0,,C61041,,,,,18,95030030,0.5,https://brixarc.com/img/C61041.jpg,,
CaDA Humvee Vehicle 1:8,CaDA,<p>3935 pcs | Status: Pre-Book</p>,11999.0,,C61036W,,,,,18,95030030,0.5,https://brixarc.com/img/C61036W.jpg,,
CaDA Koenigsegg Fantasma,CaDA,<p>4346 pcs | Status: Pre-Book</p>,11999.0,,C61048,,,,,18,95030030,0.5,https://brixarc.com/img/C61048.jpg,,
CaDA Ferrari Laferrari,CaDA,<p>4739 pcs | Status: Pre-Book</p>,13999.0,,C61505W,,,,,18,95030030,0.5,https://brixarc.com/img/C61505W.jpg,,
CaDA Mazda RX7,CaDA,<p>3305 pcs | Status: Pre-Book</p>,14999.0,,C61502,,,,,18,95030030,0.5,https://brixarc.com/img/C61502.jpg,,
CaDA Mercedes-AMG ONE,CaDA,<p>3295 pcs | Status: Pre-Book</p>,19999.0,,C61503W,,,,,18,95030030,0.5,https://brixarc.com/img/C61503W.jpg,,
CaDA DongFeng-21D Anti-Ship Ballistic Missile,CaDA,<p>6351 pcs | Status: Pre-Book</p>,21999.0,,C56031W,,,,,18,95030030,0.5,https://brixarc.com/img/C56031W.jpg,,
CaDA 1:24 MAZDA 787B,CaDA,<p>242 pcs | Status: Pre-Book</p>,1199.0,,C55029W,,,,,18,95030030,0.5,https://brixarc.com/img/C55029W.jpg,,
CaDA Shelby Mustang GT350-H,CaDA,<p>199 pcs | Status: Pre-Book</p>,1199.0,,C55034W,,,,,18,95030030,0.5,https://brixarc.com/img/C55034W.jpg,,
CaDA Audi R8 Coupe,CaDA,<p>199 pcs | Status: In Stock</p>,1199.0,,C55027W,,,,,18,95030030,0.5,https://brixarc.com/img/C55027W.jpg,,
CaDA Maserati GT2,CaDA,<p>240 pcs | Status: In Stock</p>,1199.0,,C55031W,,,,,18,95030030,0.5,https://brixarc.com/img/C55031W.jpg,,
CaDA Fiat 131 Abarth Racing,CaDA,<p>216 pcs | Status: In Stock</p>,1199.0,,C55035W,,,,,18,95030030,0.5,https://brixarc.com/img/C55035W.jpg,,
CaDA Blaze Car - RC Model,CaDA,<p>295 pcs | Status: In Stock</p>,1799.0,,C51075W,,,,,18,95030030,0.5,https://brixarc.com/img/C51075W.jpg,,
CaDA Evo Race Car - RC Model,CaDA,<p>289 pcs | Status: In Stock</p>,1799.0,,C51074W,,,,,18,95030030,0.5,https://brixarc.com/img/C51074W.jpg,,
CaDA Blue Knight - RC Model,CaDA,<p>325 pcs | Status: In Stock</p>,1799.0,,C51077W,,,,,18,95030030,0.5,https://brixarc.com/img/C51077W.jpg,,
CaDA 488 Race Car - RC Model,CaDA,<p>306 pcs | Status: In Stock</p>,1799.0,,C51072W,,,,,18,95030030,0.5,https://brixarc.com/img/C51072W.jpg,,
CaDA Red Shadow Race Car - RC Model,CaDA,<p>328 pcs | Status: Pre-Book</p>,1799.0,,C51085W,,,,,18,95030030,0.5,https://brixarc.com/img/C51085W.jpg,,
CaDA Z-Wind RC Super Car - RC Model,CaDA,<p>457 pcs | Status: Pre-Book</p>,2699.0,,C51054W,,,,,18,95030030,0.5,https://brixarc.com/img/C51054W.jpg,,
CaDA Shelby Mustang GT350-H - RC Model,CaDA,<p>291 pcs | Status: In Stock</p>,1899.0,,C51093W,,,,,18,95030030,0.5,https://brixarc.com/img/C51093W.jpg,,
CaDA RUF CTR 2017 Yellowbird - RC Model,CaDA,<p>222 pcs | Status: Pre-Book</p>,1899.0,,C61079W,,,,,18,95030030,0.5,https://brixarc.com/img/C61079W.jpg,,
CaDA 1:24 BWT ALPINE FORMULA ONE A525,CaDA,<p>300 pcs | Status: In Stock</p>,2199.0,,C55024W,,,,,18,95030030,0.5,https://brixarc.com/img/C55024W.jpg,,
CaDA Kick Sauber F1 Team C44,CaDA,<p>2553 pcs | Status: Pre-Book</p>,10999.0,,C64010W,,,,,18,95030030,0.5,https://brixarc.com/img/C64010W.jpg,,
CaDA BWT ALpine Formula One Team A525,CaDA,<p>2173 pcs | Status: Pre-Book</p>,11999.0,,C64012W,,,,,18,95030030,0.5,https://brixarc.com/img/C64012W.jpg,,
CaDa Alfa Romeo F1 Team ORLEN C42,CaDA,<p>1868 pcs | Status: Pre-Book</p>,10999.0,,C64005W,,,,,18,95030030,0.5,https://brixarc.com/img/C64005W.jpg,,
Lumibricks Newsstand with Lighting,Lumibricks,<p>556 pcs | Status: In Stock</p>,4499.0,,F9023,,,,,18,95030030,0.5,https://brixarc.com/img/F9023.jpg,,
Lumibricks Collectible Low Rider,Lumibricks,<p>969 pcs | Status: In Stock</p>,6199.0,,L9093,,,,,18,95030030,0.5,https://brixarc.com/img/L9093.jpg,,
Lumibricks A-Frame Cabin,Lumibricks,<p>2061 pcs | Status: In Stock</p>,9999.0,,F9013,,,,,18,95030030,0.5,https://brixarc.com/img/F9013.jpg,,
Lumibricks Izakaya,Lumibricks,<p>1987 pcs | Status: In Stock</p>,12499.0,,F9073,,,,,18,95030030,0.5,https://brixarc.com/img/F9073.jpg,,
Lumibricks Sheriffs Office,Lumibricks,<p>1240 pcs | Status: Pre-Book</p>,7999.0,,F9026,,,,,18,95030030,0.5,https://brixarc.com/img/F9026.jpg,,
Lumibricks Wood Cabin,Lumibricks,<p>2097 pcs | Status: In Stock</p>,9999.0,,FH9001,,,,,18,95030030,0.5,https://brixarc.com/img/FH9001.jpg,,
Lumibricks Game Stack,Lumibricks,<p>2580 pcs | Status: Pre-Book</p>,11999.0,,L9095,,,,,18,95030030,0.5,https://brixarc.com/img/L9095.jpg,,
Lumibricks Vineyard Estate,Lumibricks,<p>2800 pcs | Status: In Stock</p>,13999.0,,L9086,,,,,18,95030030,0.5,https://brixarc.com/img/L9086.jpg,,
Lumibricks Cyber Couture Galleria,Lumibricks,<p>2701 pcs | Status: Pre-Book</p>,13999.0,,17007,,,,,18,95030030,0.5,https://brixarc.com/img/17007.jpg,,
Lumibricks Floating Train Station,Lumibricks,<p>2760 pcs | Status: Pre-Book</p>,14999.0,,L9098,,,,,18,95030030,0.5,https://brixarc.com/img/L9098.jpg,,
Lumibricks Steampunk Time Rift Library,Lumibricks,<p>3187 pcs | Status: Pre-Book</p>,14999.0,,11012,,,,,18,95030030,0.5,https://brixarc.com/img/11012.jpg,,
Lumibricks Italian Homestyle Restaurant,Lumibricks,<p>2868 pcs | Status: Pre-Book</p>,15499.0,,15010,,,,,18,95030030,0.5,https://brixarc.com/img/15010.jpg,,
Lumibricks Sylvan Inn,Lumibricks,<p>3120 pcs | Status: Pre-Book</p>,15499.0,,20006,,,,,18,95030030,0.5,https://brixarc.com/img/20006.jpg,,
Lumibricks Boxing Club,Lumibricks,<p>3036 pcs | Status: Pre-Book</p>,16299.0,,19009,,,,,18,95030030,0.5,https://brixarc.com/img/19009.jpg,,
Lumibricks Art Gallery,Lumibricks,<p>3400 pcs | Status: Pre-Book</p>,18999.0,,L9085,,,,,18,95030030,0.5,https://brixarc.com/img/L9085.jpg,,
Lumibricks Skateboard Shop with Lighting,Lumibricks,<p>1573 pcs | Status: Pre-Book</p>,0.0,,F9051,,,,,18,95030030,0.5,https://brixarc.com/img/F9051.jpg,,
Lumibricks Book-Cafe,Lumibricks,<p>1718 pcs | Status: Pre-Book</p>,9999.0,,F9031,,,,,18,95030030,0.5,https://brixarc.com/img/F9031.jpg,,
Lumibricks Record Store,Lumibricks,<p>1980 pcs | Status: Pre-Book</p>,0.0,,F9058,,,,,18,95030030,0.5,https://brixarc.com/img/F9058.jpg,,
Lumibricks Antique Store,Lumibricks,<p>2847 pcs | Status: Pre-Book</p>,0.0,,F9033,,,,,18,95030030,0.5,https://brixarc.com/img/F9033.jpg,,
Lumibricks The Sailboat La Brisa,Lumibricks,<p>1640 pcs | Status: Pre-Book</p>,8999.0,,F9074,,,,,18,95030030,0.5,https://brixarc.com/img/F9074.jpg,,
Lumibricks Barbershop,Lumibricks,<p>2557 pcs | Status: Pre-Book</p>,12999.0,,19012,,,,,18,95030030,0.5,https://brixarc.com/img/19012.jpg,,
GULY Porsche Mission X,Guly,<p>4056 pcs | Status: Pre-Book</p>,11999.0,,10626,,,,,18,95030030,0.5,,,
GULY MINI Modified Car - Dynamic Version,Guly,<p>2550 pcs | Status: Pre-Book</p>,9999.0,,10632,,,,,18,95030030,0.5,,,
GULY McLaren 720s,Guly,<p>3658 pcs | Status: Pre-Book</p>,9999.0,,10625G,,,,,18,95030030,0.5,,,
GULY Peugeot Le Mans,Guly,<p>3746 pcs | Status: Pre-Book</p>,10999.0,,10616,,,,,18,95030030,0.5,,,
GULY Aston Martin Vulcan,Guly,<p>3794 pcs | Status: Pre-Book</p>,9999.0,,10647,,,,,18,95030030,0.5,,,
GULY Porsche 963 Sportcar,Guly,<p>3460 pcs | Status: Pre-Book</p>,10999.0,,10615,,,,,18,95030030,0.5,,,
GULY Raceforge Gold,Guly,<p>3824 pcs | Status: Pre-Book</p>,10999.0,,10640,,,,,18,95030030,0.5,,,
GULY Koenigsegg,Guly,<p>3838 pcs | Status: Pre-Book</p>,10999.0,,10628,,,,,18,95030030,0.5,,,
GULY Ferrari Falali SF90,Guly,<p>3982 pcs | Status: Pre-Book</p>,10999.0,,10623,,,,,18,95030030,0.5,,,
GULY Nissan GTR Sports Car Technic,Guly,<p>3939 pcs | Status: Pre-Book</p>,10999.0,,10630,,,,,18,95030030,0.5,,,
GULY Aston Martin Valkyrie,Guly,<p>3328 pcs | Status: Pre-Book</p>,10999.0,,10658,,,,,18,95030030,0.5,,,